virus	host	score	species_tag	genus_tag	taxonomy
NC_023585.1	GCF_000007005.1	2.3	1	1	k__Archaea;p__Crenarchaeota;c__Thermoprotei;o__Sulfolobales;f__Sulfolobaceae;g__Saccharolobus;s__Saccharolobus solfataricus
NC_034620.1	GCF_000007005.1	1.4	0	0	k__Archaea;p__Crenarchaeota;c__Thermoprotei;o__Sulfolobales;f__Sulfolobaceae;g__Saccharolobus;s__Saccharolobus solfataricus
NC_034623.1	GCF_000007005.1	1.1	0	0	k__Archaea;p__Crenarchaeota;c__Thermoprotei;o__Sulfolobales;f__Sulfolobaceae;g__Saccharolobus;s__Saccharolobus solfataricus
NC_034619.1	GCF_000007005.1	1.1	0	0	k__Archaea;p__Crenarchaeota;c__Thermoprotei;o__Sulfolobales;f__Sulfolobaceae;g__Saccharolobus;s__Saccharolobus solfataricus
NC_034628.1	GCF_000007005.1	1.1	0	0	k__Archaea;p__Crenarchaeota;c__Thermoprotei;o__Sulfolobales;f__Sulfolobaceae;g__Saccharolobus;s__Saccharolobus solfataricus
NC_034624.1	GCF_000007005.1	1.1	0	0	k__Archaea;p__Crenarchaeota;c__Thermoprotei;o__Sulfolobales;f__Sulfolobaceae;g__Saccharolobus;s__Saccharolobus solfataricus
NC_004462.2	GCF_000008125.1	1.1	1	1	k__Bacteria;p__Deinococcus-Thermus;c__Deinococci;o__Thermales;f__Thermaceae;g__Thermus;s__Thermus thermophilus
NC_001902.1	GCF_000008645.1	1.6	1	1	k__Archaea;p__Euryarchaeota;c__Methanobacteria;o__Methanobacteriales;f__Methanobacteriaceae;g__Methanothermobacter;s__Methanothermobacter thermautotrophicus
NC_029073.1	GCF_000009785.1	1.1	0	0	k__Bacteria;p__Firmicutes;c__Bacilli;o__Bacillales;f__Bacillaceae;g__Geobacillus;s__Geobacillus kaustophilus
NC_049945.1	GCF_000009885.1	1.1	0	0	k__Bacteria;p__Proteobacteria;c__Gammaproteobacteria;o__Enterobacterales;f__Enterobacteriaceae;g__Klebsiella;s__Klebsiella pneumoniae
NC_018848.1	GCF_000010605.1	1.1	0	1	k__Bacteria;p__Actinobacteria;c__Actinomycetia;o__Streptomycetales;f__Streptomycetaceae;g__Streptomyces;s__Streptomyces griseus
NC_036595.1	GCF_000011125.1	1.1	1	1	k__Archaea;p__Crenarchaeota;c__Thermoprotei;o__Desulfurococcales;f__Desulfurococcaceae;g__Aeropyrum;s__Aeropyrum pernix
NC_003085.1	GCF_000012685.1	1.2	1	1	k__Bacteria;p__Proteobacteria;c__Deltaproteobacteria;o__Myxococcales;f__Myxococcaceae;g__Myxococcus;s__Myxococcus xanthus
NC_017978.1	GCF_000013845.2	1.1	1	1	k__Bacteria;p__Firmicutes;c__Clostridia;o__Eubacteriales;f__Clostridiaceae;g__Clostridium;s__Clostridium perfringens
NC_006552.1	GCF_000014625.1	1.3	1	1	k__Bacteria;p__Proteobacteria;c__Gammaproteobacteria;o__Pseudomonadales;f__Pseudomonadaceae;g__Pseudomonas;s__Pseudomonas aeruginosa
NC_011373.1	GCF_000014625.1	1.3	1	1	k__Bacteria;p__Proteobacteria;c__Gammaproteobacteria;o__Pseudomonadales;f__Pseudomonadaceae;g__Pseudomonas;s__Pseudomonas aeruginosa
NC_042342.1	GCF_000014625.1	1.2	1	1	k__Bacteria;p__Proteobacteria;c__Gammaproteobacteria;o__Pseudomonadales;f__Pseudomonadaceae;g__Pseudomonas;s__Pseudomonas aeruginosa
NC_027986.1	GCF_000014625.1	1.2	1	1	k__Bacteria;p__Proteobacteria;c__Gammaproteobacteria;o__Pseudomonadales;f__Pseudomonadaceae;g__Pseudomonas;s__Pseudomonas aeruginosa
NC_027992.1	GCF_000014625.1	1.1	1	1	k__Bacteria;p__Proteobacteria;c__Gammaproteobacteria;o__Pseudomonadales;f__Pseudomonadaceae;g__Pseudomonas;s__Pseudomonas aeruginosa
NC_028667.1	GCF_000014625.1	1.1	1	1	k__Bacteria;p__Proteobacteria;c__Gammaproteobacteria;o__Pseudomonadales;f__Pseudomonadaceae;g__Pseudomonas;s__Pseudomonas aeruginosa
NC_003278.1	GCF_000014625.1	1.1	1	1	k__Bacteria;p__Proteobacteria;c__Gammaproteobacteria;o__Pseudomonadales;f__Pseudomonadaceae;g__Pseudomonas;s__Pseudomonas aeruginosa
NC_016765.1	GCF_000014625.1	1.1	1	1	k__Bacteria;p__Proteobacteria;c__Gammaproteobacteria;o__Pseudomonadales;f__Pseudomonadaceae;g__Pseudomonas;s__Pseudomonas aeruginosa
NC_030908.1	GCF_000014625.1	1.1	1	1	k__Bacteria;p__Proteobacteria;c__Gammaproteobacteria;o__Pseudomonadales;f__Pseudomonadaceae;g__Pseudomonas;s__Pseudomonas aeruginosa
NC_024782.1	GCF_000014625.1	1.1	1	1	k__Bacteria;p__Proteobacteria;c__Gammaproteobacteria;o__Pseudomonadales;f__Pseudomonadaceae;g__Pseudomonas;s__Pseudomonas aeruginosa
NC_023575.1	GCF_000014625.1	1.1	1	1	k__Bacteria;p__Proteobacteria;c__Gammaproteobacteria;o__Pseudomonadales;f__Pseudomonadaceae;g__Pseudomonas;s__Pseudomonas aeruginosa
NC_006548.1	GCF_000014625.1	1.1	1	1	k__Bacteria;p__Proteobacteria;c__Gammaproteobacteria;o__Pseudomonadales;f__Pseudomonadaceae;g__Pseudomonas;s__Pseudomonas aeruginosa
BK000583.1	GCF_000017765.1	1.1	0	0	k__Bacteria;p__Proteobacteria;c__Gammaproteobacteria;o__Enterobacterales;f__Enterobacteriaceae;g__Escherichia;s__Escherichia coli
NC_010393.1	GCF_000017765.1	1.1	0	0	k__Bacteria;p__Proteobacteria;c__Gammaproteobacteria;o__Enterobacterales;f__Enterobacteriaceae;g__Escherichia;s__Escherichia coli
NC_020489.1	GCF_000021865.1	1.5	1	1	k__Bacteria;p__Proteobacteria;c__Alphaproteobacteria;o__Rhodobacterales;f__Rhodobacteraceae;g__Rhodobacter;s__Rhodobacter capsulatus
NC_034627.1	GCF_000024305.1	1.1	1	1	k__Archaea;p__Crenarchaeota;c__Thermoprotei;o__Sulfolobales;f__Sulfolobaceae;g__Sulfolobus;s__Sulfolobus islandicus
NC_004735.1	GCF_000024845.1	1.1	1	1	k__Bacteria;p__Bacteroidetes;c__;o__Bacteroidetes Order II. Incertae sedis;f__Rhodothermaceae;g__Rhodothermus;s__Rhodothermus marinus
NC_047875.1	GCF_000027065.2	1.1	0	0	k__Bacteria;p__Proteobacteria;c__Gammaproteobacteria;o__Enterobacterales;f__Enterobacteriaceae;g__Cronobacter;s__Cronobacter turicensis
NC_019927.1	GCF_000027065.2	1.1	0	1	k__Bacteria;p__Proteobacteria;c__Gammaproteobacteria;o__Enterobacterales;f__Enterobacteriaceae;g__Cronobacter;s__Cronobacter turicensis
KR131710.1	GCF_000153625.3	1.2	1	1	k__Bacteria;p__Fusobacteria;c__Fusobacteriia;o__Fusobacteriales;f__Fusobacteriaceae;g__Fusobacterium;s__Fusobacterium nucleatum
NC_047821.1	GCF_000192865.1	1.2	1	1	k__Bacteria;p__Proteobacteria;c__Gammaproteobacteria;o__Oceanospirillales;f__Oceanospirillaceae;g__Marinomonas;s__Marinomonas mediterranea
NC_026611.1	GCF_000264765.2	1.2	0	1	k__Bacteria;p__Proteobacteria;c__Gammaproteobacteria;o__Enterobacterales;f__Hafniaceae;g__Edwardsiella;s__Edwardsiella anguillarum
NC_054464.1	GCF_000264765.2	1.2	1	1	k__Bacteria;p__Proteobacteria;c__Gammaproteobacteria;o__Enterobacterales;f__Hafniaceae;g__Edwardsiella;s__Edwardsiella anguillarum
NC_023555.1	GCF_000264765.2	1.1	0	1	k__Bacteria;p__Proteobacteria;c__Gammaproteobacteria;o__Enterobacterales;f__Hafniaceae;g__Edwardsiella;s__Edwardsiella anguillarum
NC_047833.1	GCF_000264765.2	1.1	0	0	k__Bacteria;p__Proteobacteria;c__Gammaproteobacteria;o__Enterobacterales;f__Hafniaceae;g__Edwardsiella;s__Edwardsiella anguillarum
NC_030884.1	GCF_000364745.1	1.6	1	1	k__Archaea;p__Crenarchaeota;c__Thermoprotei;o__Sulfolobales;f__Sulfolobaceae;g__Sulfolobus;s__Sulfolobus islandicus
NC_004087.1	GCF_000364745.1	1.4	1	1	k__Archaea;p__Crenarchaeota;c__Thermoprotei;o__Sulfolobales;f__Sulfolobaceae;g__Sulfolobus;s__Sulfolobus islandicus
NC_005265.1	GCF_000364745.1	1.3	1	1	k__Archaea;p__Crenarchaeota;c__Thermoprotei;o__Sulfolobales;f__Sulfolobaceae;g__Sulfolobus;s__Sulfolobus islandicus
NC_004086.1	GCF_000364745.1	1.3	1	1	k__Archaea;p__Crenarchaeota;c__Thermoprotei;o__Sulfolobales;f__Sulfolobaceae;g__Sulfolobus;s__Sulfolobus islandicus
AJ748296.1	GCF_000364745.1	1.3	1	1	k__Archaea;p__Crenarchaeota;c__Thermoprotei;o__Sulfolobales;f__Sulfolobaceae;g__Sulfolobus;s__Sulfolobus islandicus
NC_001317.1	GCF_000463345.2	1.1	0	0	k__Bacteria;p__Proteobacteria;c__Gammaproteobacteria;o__Enterobacterales;f__Yersiniaceae;g__Serratia;s__Serratia sp. ATCC 39006
NC_049429.1	GCF_000463345.2	1.1	0	0	k__Bacteria;p__Proteobacteria;c__Gammaproteobacteria;o__Enterobacterales;f__Yersiniaceae;g__Serratia;s__Serratia sp. ATCC 39006
NC_042139.2	GCF_000550805.1	1.3	1	1	k__Bacteria;p__Actinobacteria;c__Actinomycetia;o__Corynebacteriales;f__Corynebacteriaceae;g__Corynebacterium;s__Corynebacterium vitaeruminis
NC_042085.1	GCF_000550805.1	1.1	1	1	k__Bacteria;p__Actinobacteria;c__Actinomycetia;o__Corynebacteriales;f__Corynebacteriaceae;g__Corynebacterium;s__Corynebacterium vitaeruminis
NC_028268.1	GCF_000591035.1	1.2	0	1	k__Archaea;p__Crenarchaeota;c__Thermoprotei;o__Desulfurococcales;f__Desulfurococcaceae;g__Aeropyrum;s__Aeropyrum camini
NC_016564.1	GCF_000710505.1	2.1	1	1	k__Bacteria;p__Cyanobacteria;c__;o__Oscillatoriales;f__Microcoleaceae;g__Planktothrix;s__Planktothrix agardhii
NC_028748.2	GCF_000717535.1	1.1	1	1	k__Bacteria;p__Firmicutes;c__Bacilli;o__Bacillales;f__Bacillaceae;g__Bacillus;s__Bacillus thuringiensis
NC_005258.1	GCF_000717535.1	1.1	1	1	k__Bacteria;p__Firmicutes;c__Bacilli;o__Bacillales;f__Bacillaceae;g__Bacillus;s__Bacillus thuringiensis
NC_019927.1	GCF_001277215.2	1.1	0	1	k__Bacteria;p__Proteobacteria;c__Gammaproteobacteria;o__Enterobacterales;f__Enterobacteriaceae;g__Cronobacter;s__Cronobacter malonaticus
KR131710.1	GCF_001457555.1	1.2	1	1	k__Bacteria;p__Fusobacteria;c__Fusobacteriia;o__Fusobacteriales;f__Fusobacteriaceae;g__Fusobacterium;s__Fusobacterium nucleatum
NC_027990.1	GCF_001676805.1	1.1	1	1	k__Bacteria;p__Firmicutes;c__Bacilli;o__Lactobacillales;f__Lactobacillaceae;g__Levilactobacillus;s__Levilactobacillus brevis
NC_019522.1	GCF_001742185.1	1.1	0	1	k__Bacteria;p__Proteobacteria;c__Gammaproteobacteria;o__Enterobacterales;f__Pectobacteriaceae;g__Pectobacterium;s__Pectobacterium wasabiae
NC_006949.1	GCF_001941405.1	1.065625	1	1	k__Bacteria;p__Proteobacteria;c__Gammaproteobacteria;o__Enterobacterales;f__Enterobacteriaceae;g__Salmonella;s__Salmonella enterica
NC_031129.1	GCF_002079225.1	1.1	0	0	k__Bacteria;p__Proteobacteria;c__Gammaproteobacteria;o__Enterobacterales;f__Enterobacteriaceae;g__Escherichia;s__Escherichia coli
NC_031059.1	GCF_002079305.1	1.7000000000000002	1	1	k__Bacteria;p__Proteobacteria;c__Alphaproteobacteria;o__Rhodobacterales;f__Rhodobacteraceae;g__Rhodovulum;s__Rhodovulum sp. P5
NC_028841.1	GCF_002082155.1	1.5	1	1	k__Bacteria;p__Firmicutes;c__Bacilli;o__Bacillales;f__Paenibacillaceae;g__Paenibacillus;s__Paenibacillus larvae
NC_028930.1	GCF_002082155.1	1.5	1	1	k__Bacteria;p__Firmicutes;c__Bacilli;o__Bacillales;f__Paenibacillaceae;g__Paenibacillus;s__Paenibacillus larvae
NC_055030.1	GCF_002082155.1	1.3	1	1	k__Bacteria;p__Firmicutes;c__Bacilli;o__Bacillales;f__Paenibacillaceae;g__Paenibacillus;s__Paenibacillus larvae
NC_028746.1	GCF_002082155.1	1.2	1	1	k__Bacteria;p__Firmicutes;c__Bacilli;o__Bacillales;f__Paenibacillaceae;g__Paenibacillus;s__Paenibacillus larvae
NC_028767.1	GCF_002082155.1	1.2	1	1	k__Bacteria;p__Firmicutes;c__Bacilli;o__Bacillales;f__Paenibacillaceae;g__Paenibacillus;s__Paenibacillus larvae
NC_054984.1	GCF_002082155.1	1.2	1	1	k__Bacteria;p__Firmicutes;c__Bacilli;o__Bacillales;f__Paenibacillaceae;g__Paenibacillus;s__Paenibacillus larvae
NC_055029.1	GCF_002082155.1	1.1	1	1	k__Bacteria;p__Firmicutes;c__Bacilli;o__Bacillales;f__Paenibacillaceae;g__Paenibacillus;s__Paenibacillus larvae
NC_048716.1	GCF_002082155.1	1.1	1	1	k__Bacteria;p__Firmicutes;c__Bacilli;o__Bacillales;f__Paenibacillaceae;g__Paenibacillus;s__Paenibacillus larvae
NC_055028.1	GCF_002082155.1	1.1	1	1	k__Bacteria;p__Firmicutes;c__Bacilli;o__Bacillales;f__Paenibacillaceae;g__Paenibacillus;s__Paenibacillus larvae
NC_041867.1	GCF_002082155.1	1.1	1	1	k__Bacteria;p__Firmicutes;c__Bacilli;o__Bacillales;f__Paenibacillaceae;g__Paenibacillus;s__Paenibacillus larvae
NC_048690.1	GCF_002082155.1	1.1	1	1	k__Bacteria;p__Firmicutes;c__Bacilli;o__Bacillales;f__Paenibacillaceae;g__Paenibacillus;s__Paenibacillus larvae
NC_048693.1	GCF_002082155.1	1.1	1	1	k__Bacteria;p__Firmicutes;c__Bacilli;o__Bacillales;f__Paenibacillaceae;g__Paenibacillus;s__Paenibacillus larvae
NC_048692.1	GCF_002082155.1	1.1	1	1	k__Bacteria;p__Firmicutes;c__Bacilli;o__Bacillales;f__Paenibacillaceae;g__Paenibacillus;s__Paenibacillus larvae
NC_028853.1	GCF_002285575.1	1.1	1	1	k__Bacteria;p__Proteobacteria;c__Gammaproteobacteria;o__Pasteurellales;f__Pasteurellaceae;g__Mannheimia;s__Mannheimia haemolytica
NC_008201.1	GCF_002285575.1	1.1	1	1	k__Bacteria;p__Proteobacteria;c__Gammaproteobacteria;o__Pasteurellales;f__Pasteurellaceae;g__Mannheimia;s__Mannheimia haemolytica
JN255163.1	GCF_002285575.1	1.1	1	1	k__Bacteria;p__Proteobacteria;c__Gammaproteobacteria;o__Pasteurellales;f__Pasteurellaceae;g__Mannheimia;s__Mannheimia haemolytica
DQ426904.1	GCF_002285575.1	1.1	1	1	k__Bacteria;p__Proteobacteria;c__Gammaproteobacteria;o__Pasteurellales;f__Pasteurellaceae;g__Mannheimia;s__Mannheimia haemolytica
NC_028743.1	GCF_002285575.1	1.1	1	1	k__Bacteria;p__Proteobacteria;c__Gammaproteobacteria;o__Pasteurellales;f__Pasteurellaceae;g__Mannheimia;s__Mannheimia haemolytica
NC_028956.1	GCF_002285575.1	1.1	1	1	k__Bacteria;p__Proteobacteria;c__Gammaproteobacteria;o__Pasteurellales;f__Pasteurellaceae;g__Mannheimia;s__Mannheimia haemolytica
NC_054653.1	GCF_002853115.2	1.7000000000000002	1	1	k__Bacteria;p__Proteobacteria;c__Gammaproteobacteria;o__Enterobacterales;f__Enterobacteriaceae;g__Klebsiella;s__Klebsiella pneumoniae
NC_054652.1	GCF_002853115.2	1.4	1	1	k__Bacteria;p__Proteobacteria;c__Gammaproteobacteria;o__Enterobacterales;f__Enterobacteriaceae;g__Klebsiella;s__Klebsiella pneumoniae
NC_054654.1	GCF_002853115.2	1.2	1	1	k__Bacteria;p__Proteobacteria;c__Gammaproteobacteria;o__Enterobacterales;f__Enterobacteriaceae;g__Klebsiella;s__Klebsiella pneumoniae
NC_031924.1	GCF_002853115.2	1.1	1	1	k__Bacteria;p__Proteobacteria;c__Gammaproteobacteria;o__Enterobacterales;f__Enterobacteriaceae;g__Klebsiella;s__Klebsiella pneumoniae
NC_054636.1	GCF_002853115.2	1.1	0	0	k__Bacteria;p__Proteobacteria;c__Gammaproteobacteria;o__Enterobacterales;f__Enterobacteriaceae;g__Klebsiella;s__Klebsiella pneumoniae
NC_054651.1	GCF_002853115.2	1.1	0	0	k__Bacteria;p__Proteobacteria;c__Gammaproteobacteria;o__Enterobacterales;f__Enterobacteriaceae;g__Klebsiella;s__Klebsiella pneumoniae
NC_054650.1	GCF_002853115.2	1.1	0	0	k__Bacteria;p__Proteobacteria;c__Gammaproteobacteria;o__Enterobacterales;f__Enterobacteriaceae;g__Klebsiella;s__Klebsiella pneumoniae
NC_054643.1	GCF_002853115.2	1.1	0	0	k__Bacteria;p__Proteobacteria;c__Gammaproteobacteria;o__Enterobacterales;f__Enterobacteriaceae;g__Klebsiella;s__Klebsiella pneumoniae
NC_054985.1	GCF_002951935.1	1.5	1	1	k__Bacteria;p__Firmicutes;c__Bacilli;o__Bacillales;f__Paenibacillaceae;g__Paenibacillus;s__Paenibacillus larvae
NC_048715.1	GCF_002951935.1	1.2	1	1	k__Bacteria;p__Firmicutes;c__Bacilli;o__Bacillales;f__Paenibacillaceae;g__Paenibacillus;s__Paenibacillus larvae
NC_028758.1	GCF_002951935.1	1.1	1	1	k__Bacteria;p__Firmicutes;c__Bacilli;o__Bacillales;f__Paenibacillaceae;g__Paenibacillus;s__Paenibacillus larvae
NC_015295.1	GCF_002952315.1	1.2	0	1	k__Bacteria;p__Proteobacteria;c__Gammaproteobacteria;o__Enterobacterales;f__Erwiniaceae;g__Erwinia;s__Erwinia pyrifoliae
NC_030951.1	GCF_003013635.1	1.3	1	1	k__Bacteria;p__Firmicutes;c__Clostridia;o__Eubacteriales;f__Clostridiaceae;g__Clostridium;s__Clostridium tetani
NC_030947.1	GCF_003013635.1	1.1	1	1	k__Bacteria;p__Firmicutes;c__Clostridia;o__Eubacteriales;f__Clostridiaceae;g__Clostridium;s__Clostridium tetani
NC_029022.1	GCF_003013635.1	1.1	1	1	k__Bacteria;p__Firmicutes;c__Clostridia;o__Eubacteriales;f__Clostridiaceae;g__Clostridium;s__Clostridium tetani
NC_034625.1	GCF_003201835.2	1.3	0	0	k__Archaea;p__Crenarchaeota;c__Thermoprotei;o__Sulfolobales;f__Sulfolobaceae;g__Acidianus;s__Acidianus brierleyi
NC_034623.1	GCF_003201835.2	1.1	0	0	k__Archaea;p__Crenarchaeota;c__Thermoprotei;o__Sulfolobales;f__Sulfolobaceae;g__Acidianus;s__Acidianus brierleyi
NC_005892.1	GCF_003201835.2	1.1	0	0	k__Archaea;p__Crenarchaeota;c__Thermoprotei;o__Sulfolobales;f__Sulfolobaceae;g__Acidianus;s__Acidianus brierleyi
NC_013585.1	GCF_003201835.2	1.1	1	1	k__Archaea;p__Crenarchaeota;c__Thermoprotei;o__Sulfolobales;f__Sulfolobaceae;g__Acidianus;s__Acidianus brierleyi
NC_029015.2	GCF_003516125.1	1.1	0	0	k__Bacteria;p__Proteobacteria;c__Gammaproteobacteria;o__Enterobacterales;f__Enterobacteriaceae;g__Cronobacter;s__Cronobacter sakazakii
NC_019927.1	GCF_003516125.1	1.1	1	1	k__Bacteria;p__Proteobacteria;c__Gammaproteobacteria;o__Enterobacterales;f__Enterobacteriaceae;g__Cronobacter;s__Cronobacter sakazakii
NC_034621.1	GCF_003852155.1	1.1	0	0	k__Archaea;p__Crenarchaeota;c__Thermoprotei;o__Sulfolobales;f__Sulfolobaceae;g__Saccharolobus;s__Saccharolobus solfataricus
NC_010392.1	GCF_004328765.1	1.1	1	1	k__Bacteria;p__Proteobacteria;c__Gammaproteobacteria;o__Enterobacterales;f__Enterobacteriaceae;g__Salmonella;s__Salmonella enterica
NC_002371.2	GCF_005457265.1	1.1	1	1	k__Bacteria;p__Proteobacteria;c__Gammaproteobacteria;o__Enterobacterales;f__Enterobacteriaceae;g__Salmonella;s__Salmonella enterica
NC_029030.1	GCF_009738105.1	1.3	1	1	k__Bacteria;p__Firmicutes;c__Bacilli;o__Lactobacillales;f__Streptococcaceae;g__Streptococcus;s__Streptococcus mutans
NC_021867.1	GCF_013343195.2	1.3	1	1	k__Bacteria;p__Bacteroidetes;c__Flavobacteriia;o__Flavobacteriales;f__Flavobacteriaceae;g__Flavobacterium;s__Flavobacterium psychrophilum
NC_055839.1	GCF_013388375.1	1.3	1	1	k__Bacteria;p__Proteobacteria;c__Gammaproteobacteria;o__Xanthomonadales;f__Xanthomonadaceae;g__Xanthomonas;s__Xanthomonas campestris
NC_055838.1	GCF_013388375.1	1.1	1	1	k__Bacteria;p__Proteobacteria;c__Gammaproteobacteria;o__Xanthomonadales;f__Xanthomonadaceae;g__Xanthomonas;s__Xanthomonas campestris
NC_055837.1	GCF_013388375.1	1.1	1	1	k__Bacteria;p__Proteobacteria;c__Gammaproteobacteria;o__Xanthomonadales;f__Xanthomonadaceae;g__Xanthomonas;s__Xanthomonas campestris
NC_055836.1	GCF_013388375.1	1.1	1	1	k__Bacteria;p__Proteobacteria;c__Gammaproteobacteria;o__Xanthomonadales;f__Xanthomonadaceae;g__Xanthomonas;s__Xanthomonas campestris
NC_019522.1	GCF_013488025.1	1.1	1	1	k__Bacteria;p__Proteobacteria;c__Gammaproteobacteria;o__Enterobacterales;f__Pectobacteriaceae;g__Pectobacterium;s__Pectobacterium carotovorum
NC_009018.1	GCF_014192895.1	1.2	1	1	k__Bacteria;p__Firmicutes;c__Bacilli;o__Lactobacillales;f__Streptococcaceae;g__Streptococcus;s__Streptococcus dysgalactiae
NC_004586.1	GCF_014192895.1	1.1	0	1	k__Bacteria;p__Firmicutes;c__Bacilli;o__Lactobacillales;f__Streptococcaceae;g__Streptococcus;s__Streptococcus dysgalactiae
NC_004589.1	GCF_014192895.1	1.1	0	1	k__Bacteria;p__Firmicutes;c__Bacilli;o__Lactobacillales;f__Streptococcaceae;g__Streptococcus;s__Streptococcus dysgalactiae
NC_004585.1	GCF_014192895.1	1.1	0	1	k__Bacteria;p__Firmicutes;c__Bacilli;o__Lactobacillales;f__Streptococcaceae;g__Streptococcus;s__Streptococcus dysgalactiae
NC_028700.1	GCF_014192895.1	1.1	0	1	k__Bacteria;p__Firmicutes;c__Bacilli;o__Lactobacillales;f__Streptococcaceae;g__Streptococcus;s__Streptococcus dysgalactiae
NC_004588.1	GCF_014192895.1	1.1	0	1	k__Bacteria;p__Firmicutes;c__Bacilli;o__Lactobacillales;f__Streptococcaceae;g__Streptococcus;s__Streptococcus dysgalactiae
NC_024359.1	GCF_014843315.1	1.1	1	1	k__Bacteria;p__Firmicutes;c__Bacilli;o__Bacillales;f__Listeriaceae;g__Listeria;s__Listeria monocytogenes
NC_028871.1	GCF_014843315.1	1.1	1	1	k__Bacteria;p__Firmicutes;c__Bacilli;o__Bacillales;f__Listeriaceae;g__Listeria;s__Listeria monocytogenes
NC_009810.1	GCF_014843315.1	1.1	1	1	k__Bacteria;p__Firmicutes;c__Bacilli;o__Bacillales;f__Listeriaceae;g__Listeria;s__Listeria monocytogenes
NC_009815.1	GCF_014843315.1	1.1	1	1	k__Bacteria;p__Firmicutes;c__Bacilli;o__Bacillales;f__Listeriaceae;g__Listeria;s__Listeria monocytogenes
NC_003216.1	GCF_014843315.1	1.1	1	1	k__Bacteria;p__Firmicutes;c__Bacilli;o__Bacillales;f__Listeriaceae;g__Listeria;s__Listeria monocytogenes
NC_041918.1	GCF_014961685.1	1.1	1	1	k__Bacteria;p__Firmicutes;c__Bacilli;o__Bacillales;f__Bacillaceae;g__Geobacillus;s__Geobacillus stearothermophilus
NC_019522.1	GCF_015277635.1	1.1	1	1	k__Bacteria;p__Proteobacteria;c__Gammaproteobacteria;o__Enterobacterales;f__Pectobacteriaceae;g__Pectobacterium;s__Pectobacterium carotovorum
NC_004586.1	GCF_015689455.1	1.1	0	1	k__Bacteria;p__Firmicutes;c__Bacilli;o__Lactobacillales;f__Streptococcaceae;g__Streptococcus;s__Streptococcus equi
NC_004584.1	GCF_015689455.1	1.1	0	1	k__Bacteria;p__Firmicutes;c__Bacilli;o__Lactobacillales;f__Streptococcaceae;g__Streptococcus;s__Streptococcus equi
NC_009819.1	GCF_015689455.1	1.1	1	1	k__Bacteria;p__Firmicutes;c__Bacilli;o__Lactobacillales;f__Streptococcaceae;g__Streptococcus;s__Streptococcus equi
NC_003157.5	GCF_015689455.1	1.1	0	1	k__Bacteria;p__Firmicutes;c__Bacilli;o__Lactobacillales;f__Streptococcaceae;g__Streptococcus;s__Streptococcus equi
NC_055023.1	GCF_016126715.1	1.1	1	1	k__Bacteria;p__Firmicutes;c__Bacilli;o__Bacillales;f__Staphylococcaceae;g__Staphylococcus;s__Staphylococcus pseudintermedius
NC_031940.1	GCF_016454325.1	1.1	1	1	k__Bacteria;p__Proteobacteria;c__Gammaproteobacteria;o__Enterobacterales;f__Enterobacteriaceae;g__Salmonella;s__Salmonella enterica
NC_028995.1	GCF_018139125.1	1.2	1	1	k__Bacteria;p__Proteobacteria;c__Gammaproteobacteria;o__Moraxellales;f__Moraxellaceae;g__Acinetobacter;s__Acinetobacter soli
NC_013758.1	GCF_018200015.1	1.1	0	1	k__Archaea;p__Euryarchaeota;c__Halobacteria;o__Halobacteriales;f__Haloarculaceae;g__Haloarcula;s__Haloarcula sinaiiensis
NC_019782.1	GCF_019443925.1	1.2	1	1	k__Bacteria;p__Firmicutes;c__Bacilli;o__Lactobacillales;f__Lactobacillaceae;g__Lactobacillus;s__Lactobacillus helveticus
NC_019490.1	GCF_019552185.1	1.1	1	1	k__Bacteria;p__Bacteroidetes;c__Flavobacteriia;o__Flavobacteriales;f__Weeksellaceae;g__Riemerella;s__Riemerella anatipestifer
NC_027982.1	GCF_019890875.1	1.4	1	1	k__Bacteria;p__Firmicutes;c__Bacilli;o__Lactobacillales;f__Lactobacillaceae;g__Limosilactobacillus;s__Limosilactobacillus fermentum
NC_029058.1	GCF_019890875.1	1.1	1	1	k__Bacteria;p__Firmicutes;c__Bacilli;o__Lactobacillales;f__Lactobacillaceae;g__Limosilactobacillus;s__Limosilactobacillus fermentum
NC_031940.1	GCF_020691705.1	1.1	1	1	k__Bacteria;p__Proteobacteria;c__Gammaproteobacteria;o__Enterobacterales;f__Enterobacteriaceae;g__Salmonella;s__Salmonella enterica
NC_004827.1	GCF_020809485.1	1.3	1	1	k__Bacteria;p__Proteobacteria;c__Gammaproteobacteria;o__Pasteurellales;f__Pasteurellaceae;g__Aggregatibacter;s__Aggregatibacter actinomycetemcomitans
NC_013597.1	GCF_020809485.1	1.3	1	1	k__Bacteria;p__Proteobacteria;c__Gammaproteobacteria;o__Pasteurellales;f__Pasteurellaceae;g__Aggregatibacter;s__Aggregatibacter actinomycetemcomitans
NC_009554.1	GCF_021091115.1	1.2	1	1	k__Bacteria;p__Firmicutes;c__Bacilli;o__Lactobacillales;f__Lactobacillaceae;g__Lactobacillus;s__Lactobacillus delbrueckii
NC_028835.1	GCF_021091115.1	1.1	0	0	k__Bacteria;p__Firmicutes;c__Bacilli;o__Lactobacillales;f__Lactobacillaceae;g__Lactobacillus;s__Lactobacillus delbrueckii
NC_005857.1	GCF_021278985.1	1.1	0	0	k__Bacteria;p__Proteobacteria;c__Gammaproteobacteria;o__Enterobacterales;f__Enterobacteriaceae;g__Citrobacter;s__Citrobacter rodentium
NC_027995.1	GCF_021278985.1	1.1	0	0	k__Bacteria;p__Proteobacteria;c__Gammaproteobacteria;o__Enterobacterales;f__Enterobacteriaceae;g__Citrobacter;s__Citrobacter rodentium
NC_042346.1	GCF_022117515.1	1.1	1	1	k__Bacteria;p__Proteobacteria;c__Gammaproteobacteria;o__Enterobacterales;f__Enterobacteriaceae;g__Salmonella;s__Salmonella enterica
NC_000929.1	GCF_022350005.1	1.1	0	0	k__Bacteria;p__Proteobacteria;c__Gammaproteobacteria;o__Enterobacterales;f__Enterobacteriaceae;g__Salmonella;s__Salmonella enterica
NC_004902.1	GCF_022409615.1	1.4	1	1	k__Bacteria;p__Proteobacteria;c__Gammaproteobacteria;o__Xanthomonadales;f__Xanthomonadaceae;g__Xanthomonas;s__Xanthomonas oryzae
NC_009543.1	GCF_022409615.1	1.3	1	1	k__Bacteria;p__Proteobacteria;c__Gammaproteobacteria;o__Xanthomonadales;f__Xanthomonadaceae;g__Xanthomonas;s__Xanthomonas oryzae
NC_004584.1	GCF_900475035.1	1.1	1	1	k__Bacteria;p__Firmicutes;c__Bacilli;o__Lactobacillales;f__Streptococcaceae;g__Streptococcus;s__Streptococcus pyogenes
NC_004586.1	GCF_900475035.1	1.1	1	1	k__Bacteria;p__Firmicutes;c__Bacilli;o__Lactobacillales;f__Streptococcaceae;g__Streptococcus;s__Streptococcus pyogenes
NC_010945.1	GCF_901544385.1	1.2	1	1	k__Bacteria;p__Firmicutes;c__Bacilli;o__Lactobacillales;f__Streptococcaceae;g__Streptococcus;s__Streptococcus gordonii
NC_031907.1	GCF_901544385.1	1.1	0	1	k__Bacteria;p__Firmicutes;c__Bacilli;o__Lactobacillales;f__Streptococcaceae;g__Streptococcus;s__Streptococcus gordonii
NC_020197.1	GCF_903886475.1	1.3	1	1	k__Bacteria;p__Firmicutes;c__Bacilli;o__Lactobacillales;f__Streptococcaceae;g__Streptococcus;s__Streptococcus thermophilus
NC_002185.1	GCF_903886475.1	1.1	1	1	k__Bacteria;p__Firmicutes;c__Bacilli;o__Lactobacillales;f__Streptococcaceae;g__Streptococcus;s__Streptococcus thermophilus
NC_004303.1	GCF_903886475.1	1.1	1	1	k__Bacteria;p__Firmicutes;c__Bacilli;o__Lactobacillales;f__Streptococcaceae;g__Streptococcus;s__Streptococcus thermophilus
NC_031069.1	GCF_903886475.1	1.1	1	1	k__Bacteria;p__Firmicutes;c__Bacilli;o__Lactobacillales;f__Streptococcaceae;g__Streptococcus;s__Streptococcus thermophilus
NC_022776.1	GCF_903886475.1	1.1	1	1	k__Bacteria;p__Firmicutes;c__Bacilli;o__Lactobacillales;f__Streptococcaceae;g__Streptococcus;s__Streptococcus thermophilus
NC_000871.1	GCF_903886475.1	1.1	1	1	k__Bacteria;p__Firmicutes;c__Bacilli;o__Lactobacillales;f__Streptococcaceae;g__Streptococcus;s__Streptococcus thermophilus
