virus_name	viral_acc	report_host	evidence	host_taxid	host_lineage	host_tax_rank	find_name	gcfs	new_gcf	assembly_category	assembly_level
Acholeplasma phage MV-L51	NC_001341	Literature, RefSeq	Acholeplasma laidlawii	2148	Bacteria; Terrabacteria group; Tenericutes; Mollicutes; Acholeplasmatales; Acholeplasmataceae; Acholeplasma	species	Acholeplasma laidlawii	['GCF_900476025.1', 'GCF_000018785.1']	GCF_900476025.1	Unreference	Complete Genome
Acholeplasma virus L2	NC_001447	Literature, NCBI Virus, RefSeq	Acholeplasma laidlawii	2148	Bacteria; Terrabacteria group; Tenericutes; Mollicutes; Acholeplasmatales; Acholeplasmataceae; Acholeplasma	species	Acholeplasma laidlawii	['GCF_900476025.1', 'GCF_000018785.1']	GCF_900476025.1	Unreference	Complete Genome
Achromobacter phage 83-24	NC_028834	Literature, RefSeq	Achromobacter xylosoxidans	85698	Bacteria; Proteobacteria; Betaproteobacteria; Burkholderiales; Alcaligenaceae; Achromobacter	species	Achromobacter xylosoxidans	['GCF_008432465.1']	GCF_008432465.1	Represent	Complete Genome
Achromobacter phage JWAlpha	NC_023556	Literature, RefSeq	Achromobacter xylosoxidans	85698	Bacteria; Proteobacteria; Betaproteobacteria; Burkholderiales; Alcaligenaceae; Achromobacter	species	Achromobacter xylosoxidans	['GCF_008432465.1']	GCF_008432465.1	Represent	Complete Genome
Achromobacter phage JWDelta	KF787094	Literature, NCBI Virus, RefSeq	Achromobacter xylosoxidans	85698	Bacteria; Proteobacteria; Betaproteobacteria; Burkholderiales; Alcaligenaceae; Achromobacter	species	Achromobacter xylosoxidans	['GCF_008432465.1']	GCF_008432465.1	Represent	Complete Genome
Achromobacter phage JWF	NC_029075	Literature, NCBI Virus, RefSeq	Achromobacter xylosoxidans	85698	Bacteria; Proteobacteria; Betaproteobacteria; Burkholderiales; Alcaligenaceae; Achromobacter	species	Achromobacter xylosoxidans	['GCF_008432465.1']	GCF_008432465.1	Represent	Complete Genome
Achromobacter phage JWX	NC_028768	Literature, RefSeq	Achromobacter xylosoxidans	85698	Bacteria; Proteobacteria; Betaproteobacteria; Burkholderiales; Alcaligenaceae; Achromobacter	species	Achromobacter xylosoxidans	['GCF_008432465.1']	GCF_008432465.1	Represent	Complete Genome
Achromobacter phage Mano	NC_054147	Literature	Achromobacter xylosoxidans	85698	Bacteria; Proteobacteria; Betaproteobacteria; Burkholderiales; Alcaligenaceae; Achromobacter	species	Achromobacter xylosoxidans	['GCF_008432465.1']	GCF_008432465.1	Represent	Complete Genome
Achromobacter phage Motura	NC_049849	RefSeq	Achromobacter animicus	1389935	Bacteria; Proteobacteria; Betaproteobacteria; Burkholderiales; Alcaligenaceae; Achromobacter	species	Achromobacter	['GCF_013267375.1', 'GCF_008432465.1', 'GCF_008245125.1', 'GCF_900636675.1', 'GCF_019968625.1']	GCF_013267375.1	Represent	Complete Genome
Achromobacter phage phiAxp-1	NC_029033	Literature, NCBI Virus, RefSeq	Achromobacter xylosoxidans	85698	Bacteria; Proteobacteria; Betaproteobacteria; Burkholderiales; Alcaligenaceae; Achromobacter	species	Achromobacter xylosoxidans	['GCF_008432465.1']	GCF_008432465.1	Represent	Complete Genome
Achromobacter phage phiAxp-2	NC_029106	Literature, NCBI Virus, RefSeq	Achromobacter xylosoxidans	85698	Bacteria; Proteobacteria; Betaproteobacteria; Burkholderiales; Alcaligenaceae; Achromobacter	species	Achromobacter xylosoxidans	['GCF_008432465.1']	GCF_008432465.1	Represent	Complete Genome
Achromobacter phage phiAxp-3	NC_028908	RefSeq	Achromobacter xylosoxidans	85698	Bacteria; Proteobacteria; Betaproteobacteria; Burkholderiales; Alcaligenaceae; Achromobacter	species	Achromobacter xylosoxidans	['GCF_008432465.1']	GCF_008432465.1	Represent	Complete Genome
Achromobacter phage vB_AchrS_AchV4	NC_052974	Literature	Achromobacter spanius	217203	Bacteria; Proteobacteria; Betaproteobacteria; Burkholderiales; Alcaligenaceae; Achromobacter	species	Achromobacter spanius	['GCF_900636675.1']	GCF_900636675.1	Represent	Complete Genome
Achromobacter phage vB_AxyP_19-32_Axy04	NC_054967	Literature, RefSeq	Achromobacter xylosoxidans	85698	Bacteria; Proteobacteria; Betaproteobacteria; Burkholderiales; Alcaligenaceae; Achromobacter	species	Achromobacter xylosoxidans	['GCF_008432465.1']	GCF_008432465.1	Represent	Complete Genome
Achromobacter phage vB_AxyP_19-32_Axy10	NC_054971	Literature, RefSeq	Achromobacter xylosoxidans	85698	Bacteria; Proteobacteria; Betaproteobacteria; Burkholderiales; Alcaligenaceae; Achromobacter	species	Achromobacter xylosoxidans	['GCF_008432465.1']	GCF_008432465.1	Represent	Complete Genome
Achromobacter phage vB_AxyP_19-32_Axy11	NC_054972	Literature, RefSeq	Achromobacter xylosoxidans	85698	Bacteria; Proteobacteria; Betaproteobacteria; Burkholderiales; Alcaligenaceae; Achromobacter	species	Achromobacter xylosoxidans	['GCF_008432465.1']	GCF_008432465.1	Represent	Complete Genome
Achromobacter phage vB_AxyP_19-32_Axy12	NC_054968	Literature, RefSeq	Achromobacter xylosoxidans	85698	Bacteria; Proteobacteria; Betaproteobacteria; Burkholderiales; Alcaligenaceae; Achromobacter	species	Achromobacter xylosoxidans	['GCF_008432465.1']	GCF_008432465.1	Represent	Complete Genome
Achromobacter phage vB_AxyP_19-32_Axy24	NC_054969	Literature, RefSeq	Achromobacter xylosoxidans	85698	Bacteria; Proteobacteria; Betaproteobacteria; Burkholderiales; Alcaligenaceae; Achromobacter	species	Achromobacter xylosoxidans	['GCF_008432465.1']	GCF_008432465.1	Represent	Complete Genome
Acidianus bottle-shaped virus	NC_009452	RefSeq, UniProt	Acidianus convivator	269667	Archaea; TACK group; Crenarchaeota; Thermoprotei; Sulfolobales; Sulfolobaceae; Acidianus	species	Acidianus	['GCF_003201835.2', 'GCF_003201765.2', 'GCF_009729015.1', 'GCF_002116695.1', 'GCF_000213215.1']	GCF_003201835.2	Represent	Complete Genome
Acidianus filamentous virus 1	NC_005830	NCBI Virus, RefSeq, UniProt	Acidianus infernus	12915	Archaea; TACK group; Crenarchaeota; Thermoprotei; Sulfolobales; Sulfolobaceae; Acidianus	species	Acidianus	['GCF_003201835.2', 'GCF_003201765.2', 'GCF_009729015.1', 'GCF_002116695.1', 'GCF_000213215.1']	GCF_003201835.2	Represent	Complete Genome
Acidianus filamentous virus 1	NC_005830	UniProt	Acidianus hospitalis	563177	Archaea; TACK group; Crenarchaeota; Thermoprotei; Sulfolobales; Sulfolobaceae; Acidianus	species	Acidianus hospitalis	['GCF_000213215.1']	GCF_000213215.1	Represent	Complete Genome
Acidianus filamentous virus 2	NC_009884	NCBI Virus, RefSeq	Acidianus pozzuoliensis	314564	Archaea; TACK group; Crenarchaeota; Thermoprotei; Sulfolobales; Sulfolobaceae; Acidianus	species	Acidianus	['GCF_003201835.2', 'GCF_003201765.2', 'GCF_009729015.1', 'GCF_002116695.1', 'GCF_000213215.1']	GCF_003201835.2	Represent	Complete Genome
Acidianus filamentous virus 2	NC_009884	UniProt	Acidianus sp. F28	315458	Archaea; TACK group; Crenarchaeota; Thermoprotei; Sulfolobales; Sulfolobaceae; Acidianus	species	Acidianus	['GCF_003201835.2', 'GCF_003201765.2', 'GCF_009729015.1', 'GCF_002116695.1', 'GCF_000213215.1']	GCF_003201835.2	Represent	Complete Genome
Acidianus filamentous virus 3	NC_010155	Literature	Acidianus sp. Acii25	315461	Archaea; TACK group; Crenarchaeota; Thermoprotei; Sulfolobales; Sulfolobaceae; Acidianus	species	Acidianus	['GCF_003201835.2', 'GCF_003201765.2', 'GCF_009729015.1', 'GCF_002116695.1', 'GCF_000213215.1']	GCF_003201835.2	Represent	Complete Genome
Acidianus filamentous virus 6	NC_010152	NCBI Virus, RefSeq	Acidianus convivator	269667	Archaea; TACK group; Crenarchaeota; Thermoprotei; Sulfolobales; Sulfolobaceae; Acidianus	species	Acidianus	['GCF_003201835.2', 'GCF_003201765.2', 'GCF_009729015.1', 'GCF_002116695.1', 'GCF_000213215.1']	GCF_003201835.2	Represent	Complete Genome
Acidianus filamentous virus 7	NC_010153	NCBI Virus, RefSeq	Acidianus convivator	269667	Archaea; TACK group; Crenarchaeota; Thermoprotei; Sulfolobales; Sulfolobaceae; Acidianus	species	Acidianus	['GCF_003201835.2', 'GCF_003201765.2', 'GCF_009729015.1', 'GCF_002116695.1', 'GCF_000213215.1']	GCF_003201835.2	Represent	Complete Genome
Acidianus filamentous virus 8	NC_010154	NCBI Virus, RefSeq	Acidianus convivator	269667	Archaea; TACK group; Crenarchaeota; Thermoprotei; Sulfolobales; Sulfolobaceae; Acidianus	species	Acidianus	['GCF_003201835.2', 'GCF_003201765.2', 'GCF_009729015.1', 'GCF_002116695.1', 'GCF_000213215.1']	GCF_003201835.2	Represent	Complete Genome
Acidianus filamentous virus 9	NC_010537	Literature	Acidianus convivator	269667	Archaea; TACK group; Crenarchaeota; Thermoprotei; Sulfolobales; Sulfolobaceae; Acidianus	species	Acidianus	['GCF_003201835.2', 'GCF_003201765.2', 'GCF_009729015.1', 'GCF_002116695.1', 'GCF_000213215.1']	GCF_003201835.2	Represent	Complete Genome
Acidianus filamentous virus 9	NC_010537	Literature, NCBI Virus, RefSeq	Acidianus uzoniensis	518068	Archaea; TACK group; Crenarchaeota; Thermoprotei; Sulfolobales; Sulfolobaceae; Acidianus	species	Acidianus	['GCF_003201835.2', 'GCF_003201765.2', 'GCF_009729015.1', 'GCF_002116695.1', 'GCF_000213215.1']	GCF_003201835.2	Represent	Complete Genome
Acidianus rod-shaped virus 1	NC_009965	RefSeq	Acidianus sp. Acii26	315460	Archaea; TACK group; Crenarchaeota; Thermoprotei; Sulfolobales; Sulfolobaceae; Acidianus	species	Acidianus	['GCF_003201835.2', 'GCF_003201765.2', 'GCF_009729015.1', 'GCF_002116695.1', 'GCF_000213215.1']	GCF_003201835.2	Represent	Complete Genome
Acidianus spindle-shaped virus 1	NC_013585	Literature, NCBI Virus, RefSeq	Acidianus brierleyi	41673	Archaea; TACK group; Crenarchaeota; Thermoprotei; Sulfolobales; Sulfolobaceae; Acidianus	species	Acidianus brierleyi	['GCF_003201835.2']	GCF_003201835.2	Represent	Complete Genome
Acidianus two-tailed virus	NC_007409	NCBI Virus, RefSeq, UniProt	Acidianus convivator	269667	Archaea; TACK group; Crenarchaeota; Thermoprotei; Sulfolobales; Sulfolobaceae; Acidianus	species	Acidianus	['GCF_003201835.2', 'GCF_003201765.2', 'GCF_009729015.1', 'GCF_002116695.1', 'GCF_000213215.1']	GCF_003201835.2	Represent	Complete Genome
Acidithiobacillus phage AcaML1	JX507079	Literature, NCBI Virus, RefSeq	Acidithiobacillus caldus ATCC 51756	637389	Bacteria; Proteobacteria; Acidithiobacillia; Acidithiobacillales; Acidithiobacillaceae; Acidithiobacillus; Acidithiobacillus caldus	strain	Acidithiobacillus caldus ATCC 51756	['GCF_000175575.2']	GCF_000175575.2	Unreference	Complete Genome
Acidovorax phage ACP17	NC_041997	Literature, RefSeq	Acidovorax citrulli	80869	Bacteria; Proteobacteria; Betaproteobacteria; Burkholderiales; Comamonadaceae; Acidovorax	species	Acidovorax citrulli	['GCF_001593665.2']	GCF_001593665.2	Represent	Complete Genome
Acinetobacter phage AB1	NC_042028	Literature, RefSeq	Acinetobacter baumannii	470	Bacteria; Proteobacteria; Gammaproteobacteria; Moraxellales; Moraxellaceae; Acinetobacter; Acinetobacter calcoaceticus/baumannii complex	species	Acinetobacter baumannii	['GCF_008632635.1']	GCF_008632635.1	Represent	Complete Genome
Acinetobacter phage AbKT21phiIII	NC_048142	Literature, RefSeq	Acinetobacter baumannii	470	Bacteria; Proteobacteria; Gammaproteobacteria; Moraxellales; Moraxellaceae; Acinetobacter; Acinetobacter calcoaceticus/baumannii complex	species	Acinetobacter baumannii	['GCF_008632635.1']	GCF_008632635.1	Represent	Complete Genome
Acinetobacter phage Abp1	NC_021316	RefSeq	Acinetobacter baumannii	470	Bacteria; Proteobacteria; Gammaproteobacteria; Moraxellales; Moraxellaceae; Acinetobacter; Acinetobacter calcoaceticus/baumannii complex	species	Acinetobacter baumannii	['GCF_008632635.1']	GCF_008632635.1	Represent	Complete Genome
Acinetobacter phage AbP2	NC_041998	Literature, RefSeq	Acinetobacter baumannii	470	Bacteria; Proteobacteria; Gammaproteobacteria; Moraxellales; Moraxellaceae; Acinetobacter; Acinetobacter calcoaceticus/baumannii complex	species	Acinetobacter baumannii	['GCF_008632635.1']	GCF_008632635.1	Represent	Complete Genome
Acinetobacter phage AbTZA1	NC_049445	Literature, RefSeq	Acinetobacter baumannii	470	Bacteria; Proteobacteria; Gammaproteobacteria; Moraxellales; Moraxellaceae; Acinetobacter; Acinetobacter calcoaceticus/baumannii complex	species	Acinetobacter baumannii	['GCF_008632635.1']	GCF_008632635.1	Represent	Complete Genome
Acinetobacter phage Acj61	NC_014661	Literature, RefSeq	Acinetobacter johnsonii	40214	Bacteria; Proteobacteria; Gammaproteobacteria; Moraxellales; Moraxellaceae; Acinetobacter	species	Acinetobacter johnsonii	['GCF_021496365.1', 'GCF_021496345.1', 'GCF_021496325.1', 'GCF_021496295.1', 'GCF_021432745.1', 'GCF_020162195.1', 'GCF_003939325.2', 'GCF_019334405.1', 'GCF_017068175.1', 'GCF_016728805.1', 'GCF_016726625.1', 'GCF_016725945.1', 'GCF_016027055.1', 'GCF_015602645.1', 'GCF_008180305.1', 'GCF_004337595.1', 'GCF_003952785.1', 'GCF_003335165.1', 'GCF_001484935.1']	GCF_021496365.1	Unreference	Complete Genome
Acinetobacter phage Acj9	NC_014663	Literature, RefSeq	Acinetobacter johnsonii	40214	Bacteria; Proteobacteria; Gammaproteobacteria; Moraxellales; Moraxellaceae; Acinetobacter	species	Acinetobacter johnsonii	['GCF_021496365.1', 'GCF_021496345.1', 'GCF_021496325.1', 'GCF_021496295.1', 'GCF_021432745.1', 'GCF_020162195.1', 'GCF_003939325.2', 'GCF_019334405.1', 'GCF_017068175.1', 'GCF_016728805.1', 'GCF_016726625.1', 'GCF_016725945.1', 'GCF_016027055.1', 'GCF_015602645.1', 'GCF_008180305.1', 'GCF_004337595.1', 'GCF_003952785.1', 'GCF_003335165.1', 'GCF_001484935.1']	GCF_021496365.1	Unreference	Complete Genome
Acinetobacter phage AM101	NC_049511	RefSeq	Acinetobacter baumannii	470	Bacteria; Proteobacteria; Gammaproteobacteria; Moraxellales; Moraxellaceae; Acinetobacter; Acinetobacter calcoaceticus/baumannii complex	species	Acinetobacter baumannii	['GCF_008632635.1']	GCF_008632635.1	Represent	Complete Genome
Acinetobacter phage AP205	NC_002700	Literature, RefSeq	Acinetobacter genomosp. 16BJ	70347	Bacteria; Proteobacteria; Gammaproteobacteria; Moraxellales; Moraxellaceae; Acinetobacter	species	Acinetobacter	['GCF_000191145.1']	GCF_000191145.1	Reference	Complete Genome
Acinetobacter phage AP22	NC_017984	RefSeq	Acinetobacter baumannii	470	Bacteria; Proteobacteria; Gammaproteobacteria; Moraxellales; Moraxellaceae; Acinetobacter; Acinetobacter calcoaceticus/baumannii complex	species	Acinetobacter baumannii	['GCF_008632635.1']	GCF_008632635.1	Represent	Complete Genome
Acinetobacter phage Fri1	NC_028848	RefSeq	Acinetobacter baumannii	470	Bacteria; Proteobacteria; Gammaproteobacteria; Moraxellales; Moraxellaceae; Acinetobacter; Acinetobacter calcoaceticus/baumannii complex	species	Acinetobacter baumannii	['GCF_008632635.1']	GCF_008632635.1	Represent	Complete Genome
Acinetobacter phage IME-200	NC_028987	RefSeq	Acinetobacter baumannii	470	Bacteria; Proteobacteria; Gammaproteobacteria; Moraxellales; Moraxellaceae; Acinetobacter; Acinetobacter calcoaceticus/baumannii complex	species	Acinetobacter baumannii	['GCF_008632635.1']	GCF_008632635.1	Represent	Complete Genome
Acinetobacter phage IMEAB3	NC_023590	RefSeq	Acinetobacter baumannii	470	Bacteria; Proteobacteria; Gammaproteobacteria; Moraxellales; Moraxellaceae; Acinetobacter; Acinetobacter calcoaceticus/baumannii complex	species	Acinetobacter baumannii	['GCF_008632635.1']	GCF_008632635.1	Represent	Complete Genome
Acinetobacter phage KARL-1	NC_049441	Literature, RefSeq	Acinetobacter baumannii	470	Bacteria; Proteobacteria; Gammaproteobacteria; Moraxellales; Moraxellaceae; Acinetobacter; Acinetobacter calcoaceticus/baumannii complex	species	Acinetobacter baumannii	['GCF_008632635.1']	GCF_008632635.1	Represent	Complete Genome
Acinetobacter phage Loki	NC_042137	Literature	Acinetobacter baumannii	470	Bacteria; Proteobacteria; Gammaproteobacteria; Moraxellales; Moraxellaceae; Acinetobacter; Acinetobacter calcoaceticus/baumannii complex	species	Acinetobacter baumannii	['GCF_008632635.1']	GCF_008632635.1	Represent	Complete Genome
Acinetobacter phage Loki	NC_042137	Literature	Acinetobacter lwoffii	28090	Bacteria; Proteobacteria; Gammaproteobacteria; Moraxellales; Moraxellaceae; Acinetobacter	species	Acinetobacter lwoffii	['GCF_019343495.1']	GCF_019343495.1	Represent	Complete Genome
Acinetobacter phage Loki	NC_042137	Literature	Acinetobacter baylyi ADP1	62977	Bacteria; Proteobacteria; Gammaproteobacteria; Moraxellales; Moraxellaceae; Acinetobacter; Acinetobacter baylyi	strain	Acinetobacter baylyi ADP1	['GCF_000046845.1']	GCF_000046845.1	Represent	Complete Genome
Acinetobacter phage Loki	NC_042137	Literature, RefSeq	Acinetobacter baumannii ATCC 17978	400667	Bacteria; Proteobacteria; Gammaproteobacteria; Moraxellales; Moraxellaceae; Acinetobacter; Acinetobacter calcoaceticus/baumannii complex; Acinetobacter baumannii	strain	Acinetobacter baumannii ATCC 17978	['GCF_013372085.1', 'GCF_004797155.2', 'GCF_004797155.1', 'GCF_000015425.1', 'GCF_004794235.2', 'GCF_004794275.2', 'GCF_004794275.1', 'GCF_004794235.1']	GCF_013372085.1	Unreference	Complete Genome
Acinetobacter phage LZ35	NC_031117	Literature, RefSeq	Acinetobacter baumannii	470	Bacteria; Proteobacteria; Gammaproteobacteria; Moraxellales; Moraxellaceae; Acinetobacter; Acinetobacter calcoaceticus/baumannii complex	species	Acinetobacter baumannii	['GCF_008632635.1']	GCF_008632635.1	Represent	Complete Genome
Acinetobacter phage Petty	NC_023570	RefSeq	Acinetobacter baumannii	470	Bacteria; Proteobacteria; Gammaproteobacteria; Moraxellales; Moraxellaceae; Acinetobacter; Acinetobacter calcoaceticus/baumannii complex	species	Acinetobacter baumannii	['GCF_008632635.1']	GCF_008632635.1	Represent	Complete Genome
Acinetobacter phage phiAB1	NC_028675	Literature, RefSeq	Acinetobacter baumannii	470	Bacteria; Proteobacteria; Gammaproteobacteria; Moraxellales; Moraxellaceae; Acinetobacter; Acinetobacter calcoaceticus/baumannii complex	species	Acinetobacter baumannii	['GCF_008632635.1']	GCF_008632635.1	Represent	Complete Genome
Acinetobacter phage phiAB6	NC_031086	Literature, RefSeq	Acinetobacter baumannii	470	Bacteria; Proteobacteria; Gammaproteobacteria; Moraxellales; Moraxellaceae; Acinetobacter; Acinetobacter calcoaceticus/baumannii complex	species	Acinetobacter baumannii	['GCF_008632635.1']	GCF_008632635.1	Represent	Complete Genome
Acinetobacter phage phiAC-1	NC_028995	Literature, NCBI Virus, RefSeq	Acinetobacter soli	487316	Bacteria; Proteobacteria; Gammaproteobacteria; Moraxellales; Moraxellaceae; Acinetobacter	species	Acinetobacter soli	['GCF_018139125.1']	GCF_018139125.1	Represent	Complete Genome
Acinetobacter phage Presley	NC_023581	Literature, RefSeq	Acinetobacter baumannii	470	Bacteria; Proteobacteria; Gammaproteobacteria; Moraxellales; Moraxellaceae; Acinetobacter; Acinetobacter calcoaceticus/baumannii complex	species	Acinetobacter baumannii	['GCF_008632635.1']	GCF_008632635.1	Represent	Complete Genome
Acinetobacter phage SH-Ab 15519	NC_041905	Literature, RefSeq	Acinetobacter baumannii	470	Bacteria; Proteobacteria; Gammaproteobacteria; Moraxellales; Moraxellaceae; Acinetobacter; Acinetobacter calcoaceticus/baumannii complex	species	Acinetobacter baumannii	['GCF_008632635.1']	GCF_008632635.1	Represent	Complete Genome
Acinetobacter phage SWH-Ab-1	NC_047896	RefSeq	Acinetobacter baumannii	470	Bacteria; Proteobacteria; Gammaproteobacteria; Moraxellales; Moraxellaceae; Acinetobacter; Acinetobacter calcoaceticus/baumannii complex	species	Acinetobacter baumannii	['GCF_008632635.1']	GCF_008632635.1	Represent	Complete Genome
Acinetobacter phage SWH-Ab-3	NC_047883	RefSeq	Acinetobacter baumannii	470	Bacteria; Proteobacteria; Gammaproteobacteria; Moraxellales; Moraxellaceae; Acinetobacter; Acinetobacter calcoaceticus/baumannii complex	species	Acinetobacter baumannii	['GCF_008632635.1']	GCF_008632635.1	Represent	Complete Genome
Acinetobacter phage vB_AbaM-IME-AB2	NC_041857	Literature, RefSeq	Acinetobacter baumannii	470	Bacteria; Proteobacteria; Gammaproteobacteria; Moraxellales; Moraxellaceae; Acinetobacter; Acinetobacter calcoaceticus/baumannii complex	species	Acinetobacter baumannii	['GCF_008632635.1']	GCF_008632635.1	Represent	Complete Genome
Acinetobacter phage vB_AbaM_Acibel004	NC_025462	NCBI Virus, RefSeq	Acinetobacter baumannii	470	Bacteria; Proteobacteria; Gammaproteobacteria; Moraxellales; Moraxellaceae; Acinetobacter; Acinetobacter calcoaceticus/baumannii complex	species	Acinetobacter baumannii	['GCF_008632635.1']	GCF_008632635.1	Represent	Complete Genome
Acinetobacter phage vB_AbaM_Apostate	NC_049491	RefSeq	Acinetobacter baumannii	470	Bacteria; Proteobacteria; Gammaproteobacteria; Moraxellales; Moraxellaceae; Acinetobacter; Acinetobacter calcoaceticus/baumannii complex	species	Acinetobacter baumannii	['GCF_008632635.1']	GCF_008632635.1	Represent	Complete Genome
Acinetobacter phage vB_AbaM_B09_Aci01-1	NC_048074	Literature, RefSeq	Acinetobacter baumannii	470	Bacteria; Proteobacteria; Gammaproteobacteria; Moraxellales; Moraxellaceae; Acinetobacter; Acinetobacter calcoaceticus/baumannii complex	species	Acinetobacter baumannii	['GCF_008632635.1']	GCF_008632635.1	Represent	Complete Genome
Acinetobacter phage vB_AbaM_B09_Aci02-2	NC_048075	Literature, RefSeq	Acinetobacter baumannii	470	Bacteria; Proteobacteria; Gammaproteobacteria; Moraxellales; Moraxellaceae; Acinetobacter; Acinetobacter calcoaceticus/baumannii complex	species	Acinetobacter baumannii	['GCF_008632635.1']	GCF_008632635.1	Represent	Complete Genome
Acinetobacter phage vB_AbaM_B09_Aci05	NC_048080	Literature, RefSeq	Acinetobacter baumannii	470	Bacteria; Proteobacteria; Gammaproteobacteria; Moraxellales; Moraxellaceae; Acinetobacter; Acinetobacter calcoaceticus/baumannii complex	species	Acinetobacter baumannii	['GCF_008632635.1']	GCF_008632635.1	Represent	Complete Genome
Acinetobacter phage vB_AbaM_Berthold	NC_049490	RefSeq	Acinetobacter baumannii	470	Bacteria; Proteobacteria; Gammaproteobacteria; Moraxellales; Moraxellaceae; Acinetobacter; Acinetobacter calcoaceticus/baumannii complex	species	Acinetobacter baumannii	['GCF_008632635.1']	GCF_008632635.1	Represent	Complete Genome
Acinetobacter phage vB_AbaM_Kimel	NC_049492	RefSeq	Acinetobacter baumannii	470	Bacteria; Proteobacteria; Gammaproteobacteria; Moraxellales; Moraxellaceae; Acinetobacter; Acinetobacter calcoaceticus/baumannii complex	species	Acinetobacter baumannii	['GCF_008632635.1']	GCF_008632635.1	Represent	Complete Genome
Acinetobacter phage vB_AbaM_Konradin	NC_049479	RefSeq	Acinetobacter baumannii	470	Bacteria; Proteobacteria; Gammaproteobacteria; Moraxellales; Moraxellaceae; Acinetobacter; Acinetobacter calcoaceticus/baumannii complex	species	Acinetobacter baumannii	['GCF_008632635.1']	GCF_008632635.1	Represent	Complete Genome
Acinetobacter phage vB_AbaM_Lazarus	NC_049493	RefSeq	Acinetobacter baumannii	470	Bacteria; Proteobacteria; Gammaproteobacteria; Moraxellales; Moraxellaceae; Acinetobacter; Acinetobacter calcoaceticus/baumannii complex	species	Acinetobacter baumannii	['GCF_008632635.1']	GCF_008632635.1	Represent	Complete Genome
Acinetobacter phage vB_AbaM_ME3	NC_041884	Literature, RefSeq	Acinetobacter baumannii	470	Bacteria; Proteobacteria; Gammaproteobacteria; Moraxellales; Moraxellaceae; Acinetobacter; Acinetobacter calcoaceticus/baumannii complex	species	Acinetobacter baumannii	['GCF_008632635.1']	GCF_008632635.1	Represent	Complete Genome
Acinetobacter phage vB_AbaM_phiAbaA1	NC_031280	NCBI Virus, RefSeq	Acinetobacter baumannii	470	Bacteria; Proteobacteria; Gammaproteobacteria; Moraxellales; Moraxellaceae; Acinetobacter; Acinetobacter calcoaceticus/baumannii complex	species	Acinetobacter baumannii	['GCF_008632635.1']	GCF_008632635.1	Represent	Complete Genome
Acinetobacter phage vB_AbaM_PhT2	NC_049494	Literature, RefSeq	Acinetobacter baumannii	470	Bacteria; Proteobacteria; Gammaproteobacteria; Moraxellales; Moraxellaceae; Acinetobacter; Acinetobacter calcoaceticus/baumannii complex	species	Acinetobacter baumannii	['GCF_008632635.1']	GCF_008632635.1	Represent	Complete Genome
Acinetobacter phage vB_AbaP_46-62_Aci07	NC_048076	Literature, RefSeq	Acinetobacter baumannii	470	Bacteria; Proteobacteria; Gammaproteobacteria; Moraxellales; Moraxellaceae; Acinetobacter; Acinetobacter calcoaceticus/baumannii complex	species	Acinetobacter baumannii	['GCF_008632635.1']	GCF_008632635.1	Represent	Complete Genome
Acinetobacter phage vB_AbaP_Acibel007	NC_025457	RefSeq	Acinetobacter baumannii	470	Bacteria; Proteobacteria; Gammaproteobacteria; Moraxellales; Moraxellaceae; Acinetobacter; Acinetobacter calcoaceticus/baumannii complex	species	Acinetobacter baumannii	['GCF_008632635.1']	GCF_008632635.1	Represent	Complete Genome
Acinetobacter phage vB_AbaP_AS11	NC_041915	Literature, RefSeq	Acinetobacter baumannii	470	Bacteria; Proteobacteria; Gammaproteobacteria; Moraxellales; Moraxellaceae; Acinetobacter; Acinetobacter calcoaceticus/baumannii complex	species	Acinetobacter baumannii	['GCF_008632635.1']	GCF_008632635.1	Represent	Complete Genome
Acinetobacter phage vB_AbaP_AS12	NC_041914	Literature, RefSeq	Acinetobacter baumannii	470	Bacteria; Proteobacteria; Gammaproteobacteria; Moraxellales; Moraxellaceae; Acinetobacter; Acinetobacter calcoaceticus/baumannii complex	species	Acinetobacter baumannii	['GCF_008632635.1']	GCF_008632635.1	Represent	Complete Genome
Acinetobacter phage vB_AbaP_B09_Aci08	NC_048081	Literature, RefSeq	Acinetobacter baumannii	470	Bacteria; Proteobacteria; Gammaproteobacteria; Moraxellales; Moraxellaceae; Acinetobacter; Acinetobacter calcoaceticus/baumannii complex	species	Acinetobacter baumannii	['GCF_008632635.1']	GCF_008632635.1	Represent	Complete Genome
Acinetobacter phage vB_AbaP_B1	NC_042003	Literature, RefSeq	Acinetobacter baumannii	470	Bacteria; Proteobacteria; Gammaproteobacteria; Moraxellales; Moraxellaceae; Acinetobacter; Acinetobacter calcoaceticus/baumannii complex	species	Acinetobacter baumannii	['GCF_008632635.1']	GCF_008632635.1	Represent	Complete Genome
Acinetobacter phage vB_AbaP_B1	NC_042003	Literature	Acinetobacter baumannii NIPH 2061	1217645	Bacteria; Proteobacteria; Gammaproteobacteria; Moraxellales; Moraxellaceae; Acinetobacter; Acinetobacter calcoaceticus/baumannii complex; Acinetobacter baumannii	strain	Acinetobacter baumannii	['GCF_008632635.1']	GCF_008632635.1	Represent	Complete Genome
Acinetobacter phage vB_AbaP_B3	NC_042004	Literature	Acinetobacter nosocomialis	106654	Bacteria; Proteobacteria; Gammaproteobacteria; Moraxellales; Moraxellaceae; Acinetobacter; Acinetobacter calcoaceticus/baumannii complex	species	Acinetobacter nosocomialis	['GCF_005281455.1']	GCF_005281455.1	Represent	Complete Genome
Acinetobacter phage vB_AbaP_B3	NC_042004	Literature	Acinetobacter baumannii NIPH 2061	1217645	Bacteria; Proteobacteria; Gammaproteobacteria; Moraxellales; Moraxellaceae; Acinetobacter; Acinetobacter calcoaceticus/baumannii complex; Acinetobacter baumannii	strain	Acinetobacter baumannii	['GCF_008632635.1']	GCF_008632635.1	Represent	Complete Genome
Acinetobacter phage vB_AbaP_B5	NC_042005	Literature, RefSeq	Acinetobacter baumannii	470	Bacteria; Proteobacteria; Gammaproteobacteria; Moraxellales; Moraxellaceae; Acinetobacter; Acinetobacter calcoaceticus/baumannii complex	species	Acinetobacter baumannii	['GCF_008632635.1']	GCF_008632635.1	Represent	Complete Genome
Acinetobacter phage vB_AbaP_B5	NC_042005	Literature, RefSeq	Acinetobacter baumannii NIPH 2061	1217645	Bacteria; Proteobacteria; Gammaproteobacteria; Moraxellales; Moraxellaceae; Acinetobacter; Acinetobacter calcoaceticus/baumannii complex; Acinetobacter baumannii	strain	Acinetobacter baumannii	['GCF_008632635.1']	GCF_008632635.1	Represent	Complete Genome
Acinetobacter phage vB_AbaP_D2	NC_042124	Literature, RefSeq	Acinetobacter baumannii	470	Bacteria; Proteobacteria; Gammaproteobacteria; Moraxellales; Moraxellaceae; Acinetobacter; Acinetobacter calcoaceticus/baumannii complex	species	Acinetobacter baumannii	['GCF_008632635.1']	GCF_008632635.1	Represent	Complete Genome
Acinetobacter phage vB_AbaP_PD-6A3	NC_028684	Literature, RefSeq	Acinetobacter baumannii	470	Bacteria; Proteobacteria; Gammaproteobacteria; Moraxellales; Moraxellaceae; Acinetobacter; Acinetobacter calcoaceticus/baumannii complex	species	Acinetobacter baumannii	['GCF_008632635.1']	GCF_008632635.1	Represent	Complete Genome
Acinetobacter phage vB_AbaP_PD-6A3	NC_028684	Literature	Staphylococcus aureus	1280	Bacteria; Terrabacteria group; Firmicutes; Bacilli; Bacillales; Staphylococcaceae; Staphylococcus	species	Staphylococcus aureus	['GCF_000013425.1']	GCF_000013425.1	Reference	Complete Genome
Acinetobacter phage vB_AbaP_PD-AB9	NC_028679	Literature, RefSeq	Acinetobacter baumannii	470	Bacteria; Proteobacteria; Gammaproteobacteria; Moraxellales; Moraxellaceae; Acinetobacter; Acinetobacter calcoaceticus/baumannii complex	species	Acinetobacter baumannii	['GCF_008632635.1']	GCF_008632635.1	Represent	Complete Genome
Acinetobacter phage vB_AbaS_TRS1	NC_031098	Literature, NCBI Virus, RefSeq	Acinetobacter baumannii A118	927193	Bacteria; Proteobacteria; Gammaproteobacteria; Moraxellales; Moraxellaceae; Acinetobacter; Acinetobacter calcoaceticus/baumannii complex; Acinetobacter baumannii	strain	Acinetobacter baumannii	['GCF_008632635.1']	GCF_008632635.1	Represent	Complete Genome
Acinetobacter phage vB_ApiM_fHyAci03	NC_049438	Literature, RefSeq	Acinetobacter pittii	48296	Bacteria; Proteobacteria; Gammaproteobacteria; Moraxellales; Moraxellaceae; Acinetobacter; Acinetobacter calcoaceticus/baumannii complex	species	Acinetobacter pittii	['GCF_000191145.1']	GCF_000191145.1	Reference	Complete Genome
Acinetobacter phage vB_ApiM_fHyAci03	NC_049438	Literature	Acinetobacter nosocomialis	106654	Bacteria; Proteobacteria; Gammaproteobacteria; Moraxellales; Moraxellaceae; Acinetobacter; Acinetobacter calcoaceticus/baumannii complex	species	Acinetobacter nosocomialis	['GCF_005281455.1']	GCF_005281455.1	Represent	Complete Genome
Acinetobacter phage vB_ApiP_P1	NC_042006	Literature, RefSeq	Acinetobacter pittii	48296	Bacteria; Proteobacteria; Gammaproteobacteria; Moraxellales; Moraxellaceae; Acinetobacter; Acinetobacter calcoaceticus/baumannii complex	species	Acinetobacter pittii	['GCF_000191145.1']	GCF_000191145.1	Reference	Complete Genome
Acinetobacter phage vB_ApiP_P1	NC_042006	Literature	Acinetobacter baumannii NIPH 290	1217631	Bacteria; Proteobacteria; Gammaproteobacteria; Moraxellales; Moraxellaceae; Acinetobacter; Acinetobacter calcoaceticus/baumannii complex; Acinetobacter baumannii	strain	Acinetobacter baumannii	['GCF_008632635.1']	GCF_008632635.1	Represent	Complete Genome
Acinetobacter phage vB_ApiP_P2	NC_042007	Literature, RefSeq	Acinetobacter pittii	48296	Bacteria; Proteobacteria; Gammaproteobacteria; Moraxellales; Moraxellaceae; Acinetobacter; Acinetobacter calcoaceticus/baumannii complex	species	Acinetobacter pittii	['GCF_000191145.1']	GCF_000191145.1	Reference	Complete Genome
Acinetobacter phage VB_ApiP_XC38	NC_055823	Literature	Acinetobacter baumannii	470	Bacteria; Proteobacteria; Gammaproteobacteria; Moraxellales; Moraxellaceae; Acinetobacter; Acinetobacter calcoaceticus/baumannii complex	species	Acinetobacter baumannii	['GCF_008632635.1']	GCF_008632635.1	Represent	Complete Genome
Acinetobacter phage VB_ApiP_XC38	NC_055823	Literature, NCBI Virus, RefSeq	Acinetobacter pittii	48296	Bacteria; Proteobacteria; Gammaproteobacteria; Moraxellales; Moraxellaceae; Acinetobacter; Acinetobacter calcoaceticus/baumannii complex	species	Acinetobacter pittii	['GCF_000191145.1']	GCF_000191145.1	Reference	Complete Genome
Acinetobacter phage WCHABP1	NC_041966	Literature, RefSeq	Acinetobacter baumannii	470	Bacteria; Proteobacteria; Gammaproteobacteria; Moraxellales; Moraxellaceae; Acinetobacter; Acinetobacter calcoaceticus/baumannii complex	species	Acinetobacter baumannii	['GCF_008632635.1']	GCF_008632635.1	Represent	Complete Genome
Acinetobacter phage WCHABP12	NC_041924	Literature, RefSeq	Acinetobacter baumannii	470	Bacteria; Proteobacteria; Gammaproteobacteria; Moraxellales; Moraxellaceae; Acinetobacter; Acinetobacter calcoaceticus/baumannii complex	species	Acinetobacter baumannii	['GCF_008632635.1']	GCF_008632635.1	Represent	Complete Genome
Acinetobacter phage WCHABP5	NC_041967	RefSeq	Acinetobacter baumannii	470	Bacteria; Proteobacteria; Gammaproteobacteria; Moraxellales; Moraxellaceae; Acinetobacter; Acinetobacter calcoaceticus/baumannii complex	species	Acinetobacter baumannii	['GCF_008632635.1']	GCF_008632635.1	Represent	Complete Genome
Acinetobacter phage YMC-13-01-C62	NC_024785	Literature, RefSeq	Acinetobacter baumannii	470	Bacteria; Proteobacteria; Gammaproteobacteria; Moraxellales; Moraxellaceae; Acinetobacter; Acinetobacter calcoaceticus/baumannii complex	species	Acinetobacter baumannii	['GCF_008632635.1']	GCF_008632635.1	Represent	Complete Genome
Acinetobacter phage YMC/09/02/B1251	NC_019541	Literature, RefSeq	Acinetobacter baumannii	470	Bacteria; Proteobacteria; Gammaproteobacteria; Moraxellales; Moraxellaceae; Acinetobacter; Acinetobacter calcoaceticus/baumannii complex	species	Acinetobacter baumannii	['GCF_008632635.1']	GCF_008632635.1	Represent	Complete Genome
Acinetobacter phage YMC11/11/R3177	NC_041866	Literature	Acinetobacter baumannii	470	Bacteria; Proteobacteria; Gammaproteobacteria; Moraxellales; Moraxellaceae; Acinetobacter; Acinetobacter calcoaceticus/baumannii complex	species	Acinetobacter baumannii	['GCF_008632635.1']	GCF_008632635.1	Represent	Complete Genome
Acinetobacter phage YMC11/12/R2315	NC_028855	Literature	Acinetobacter baumannii	470	Bacteria; Proteobacteria; Gammaproteobacteria; Moraxellales; Moraxellaceae; Acinetobacter; Acinetobacter calcoaceticus/baumannii complex	species	Acinetobacter baumannii	['GCF_008632635.1']	GCF_008632635.1	Represent	Complete Genome
Acinetobacter phage YMC11/12/R2315	NC_028855	Literature	Staphylococcus aureus	1280	Bacteria; Terrabacteria group; Firmicutes; Bacilli; Bacillales; Staphylococcaceae; Staphylococcus	species	Staphylococcus aureus	['GCF_000013425.1']	GCF_000013425.1	Reference	Complete Genome
Acinetobacter phage YMC13/03/R2096	NC_027332	NCBI Virus, RefSeq	Acinetobacter baumannii	470	Bacteria; Proteobacteria; Gammaproteobacteria; Moraxellales; Moraxellaceae; Acinetobacter; Acinetobacter calcoaceticus/baumannii complex	species	Acinetobacter baumannii	['GCF_008632635.1']	GCF_008632635.1	Represent	Complete Genome
Acinetobacter phage ZZ1	NC_018087	Literature, RefSeq	Acinetobacter baumannii	470	Bacteria; Proteobacteria; Gammaproteobacteria; Moraxellales; Moraxellaceae; Acinetobacter; Acinetobacter calcoaceticus/baumannii complex	species	Acinetobacter baumannii	['GCF_008632635.1']	GCF_008632635.1	Represent	Complete Genome
Acinetobacter virus 133	NC_015250	Literature, NCBI Virus, RefSeq	Acinetobacter johnsonii	40214	Bacteria; Proteobacteria; Gammaproteobacteria; Moraxellales; Moraxellaceae; Acinetobacter	species	Acinetobacter johnsonii	['GCF_021496365.1', 'GCF_021496345.1', 'GCF_021496325.1', 'GCF_021496295.1', 'GCF_021432745.1', 'GCF_020162195.1', 'GCF_003939325.2', 'GCF_019334405.1', 'GCF_017068175.1', 'GCF_016728805.1', 'GCF_016726625.1', 'GCF_016725945.1', 'GCF_016027055.1', 'GCF_015602645.1', 'GCF_008180305.1', 'GCF_004337595.1', 'GCF_003952785.1', 'GCF_003335165.1', 'GCF_001484935.1']	GCF_021496365.1	Unreference	Complete Genome
Actinomyces phage Av-1	DQ123818	Literature, RefSeq	Actinomyces naeslundii	1655	Bacteria; Terrabacteria group; Actinobacteria; Actinomycetia; Actinomycetales; Actinomycetaceae; Actinomyces	species	Actinomyces naeslundii	['GCF_016127855.1']	GCF_016127855.1	Represent	Complete Genome
Actinomyces phage Av-1	DQ123818	Literature	Actinomyces naeslundii MG1	240017	Bacteria; Terrabacteria group; Actinobacteria; Actinomycetia; Actinomycetales; Actinomycetaceae; Actinomyces; Actinomyces naeslundii	strain	Actinomyces naeslundii	['GCF_016127855.1']	GCF_016127855.1	Represent	Complete Genome
Actinomyces virus Av1	NC_009643	NCBI Virus, RefSeq	Actinomyces naeslundii	1655	Bacteria; Terrabacteria group; Actinobacteria; Actinomycetia; Actinomycetales; Actinomycetaceae; Actinomyces	species	Actinomyces naeslundii	['GCF_016127855.1']	GCF_016127855.1	Represent	Complete Genome
Actinoplanes phage phiAsp2	NC_005885	NCBI Virus, RefSeq	Actinoplanes sp. SN223/29	442459	Bacteria; Terrabacteria group; Actinobacteria; Actinomycetia; Micromonosporales; Micromonosporaceae; Actinoplanes	species	Actinoplanes	['GCF_018324205.1', 'GCF_003711105.1', 'GCF_000494755.1', 'GCF_000284295.1', 'GCF_900104725.1']	GCF_018324205.1	Represent	Complete Genome
Aeribacillus phage AP45	NC_048651	Literature	Geobacillus icigianus	1430331	Bacteria; Terrabacteria group; Firmicutes; Bacilli; Bacillales; Bacillaceae; Geobacillus	species	Geobacillus	['GCF_014678925.1', 'GCF_012295505.1', 'GCF_002243665.1', 'GCF_002072065.1', 'GCF_000009785.1']	GCF_014678925.1	Represent	Complete Genome
Aeribacillus phage AP45	NC_048651	Literature	Aeribacillus sp.	1872391	Bacteria; Terrabacteria group; Firmicutes; Bacilli; Bacillales; Bacillaceae; Aeribacillus	species	Aeribacillus	['GCF_002243625.1', 'GCA_011404955.1']	GCF_002243625.1	Unreference	Complete Genome
Aeromonas phage 25AhydR2PP	NC_047966	Literature	Aeromonas hydrophila subsp. hydrophila ATCC 7966	380703	Bacteria; Proteobacteria; Gammaproteobacteria; Aeromonadales; Aeromonadaceae; Aeromonas; Aeromonas hydrophila; Aeromonas hydrophila subsp. hydrophila	strain	Aeromonas hydrophila subsp. hydrophila ATCC 7966	['GCF_000014805.1']	GCF_000014805.1	Unreference	Complete Genome
Aeromonas phage 2L372D	NC_048769	Literature	Aeromonas hydrophila subsp. hydrophila	196023	Bacteria; Proteobacteria; Gammaproteobacteria; Aeromonadales; Aeromonadaceae; Aeromonas; Aeromonas hydrophila	subspecies	Aeromonas hydrophila subsp. hydrophila	['GCF_002850695.3', 'GCF_002850695.2', 'GCF_000633175.1', 'GCF_000014805.1']	GCF_002850695.3	Unreference	Complete Genome
Aeromonas phage 2L372X	NC_048770	Literature	Aeromonas hydrophila subsp. hydrophila	196023	Bacteria; Proteobacteria; Gammaproteobacteria; Aeromonadales; Aeromonadaceae; Aeromonas; Aeromonas hydrophila	subspecies	Aeromonas hydrophila subsp. hydrophila	['GCF_002850695.3', 'GCF_002850695.2', 'GCF_000633175.1', 'GCF_000014805.1']	GCF_002850695.3	Unreference	Complete Genome
Aeromonas phage 2_D05	NC_054465	Literature, NCBI Virus, RefSeq	Aeromonas rivipollensis	948519	Bacteria; Proteobacteria; Gammaproteobacteria; Aeromonadales; Aeromonadaceae; Aeromonas	species	Aeromonas rivipollensis	['GCF_003015165.1']	GCF_003015165.1	Unreference	Complete Genome
Aeromonas phage 4L372D	NC_048771	Literature	Aeromonas hydrophila subsp. hydrophila	196023	Bacteria; Proteobacteria; Gammaproteobacteria; Aeromonadales; Aeromonadaceae; Aeromonas; Aeromonas hydrophila	subspecies	Aeromonas hydrophila subsp. hydrophila	['GCF_002850695.3', 'GCF_002850695.2', 'GCF_000633175.1', 'GCF_000014805.1']	GCF_002850695.3	Unreference	Complete Genome
Aeromonas phage 4L372XY	NC_048772	Literature	Aeromonas hydrophila subsp. hydrophila	196023	Bacteria; Proteobacteria; Gammaproteobacteria; Aeromonadales; Aeromonadaceae; Aeromonas; Aeromonas hydrophila	subspecies	Aeromonas hydrophila subsp. hydrophila	['GCF_002850695.3', 'GCF_002850695.2', 'GCF_000633175.1', 'GCF_000014805.1']	GCF_002850695.3	Unreference	Complete Genome
Aeromonas phage 4_4572	NC_048773	Literature	Aeromonas hydrophila subsp. hydrophila	196023	Bacteria; Proteobacteria; Gammaproteobacteria; Aeromonadales; Aeromonadaceae; Aeromonas; Aeromonas hydrophila	subspecies	Aeromonas hydrophila subsp. hydrophila	['GCF_002850695.3', 'GCF_002850695.2', 'GCF_000633175.1', 'GCF_000014805.1']	GCF_002850695.3	Unreference	Complete Genome
Aeromonas phage 4_D05	NC_054466	Literature, NCBI Virus, RefSeq	Aeromonas rivipollensis	948519	Bacteria; Proteobacteria; Gammaproteobacteria; Aeromonadales; Aeromonadaceae; Aeromonas	species	Aeromonas rivipollensis	['GCF_003015165.1']	GCF_003015165.1	Unreference	Complete Genome
Aeromonas phage 50AhydR13PP	NC_055746	Literature, NCBI Virus, RefSeq	Aeromonas hydrophila	644	Bacteria; Proteobacteria; Gammaproteobacteria; Aeromonadales; Aeromonadaceae; Aeromonas	species	Aeromonas hydrophila	['GCF_017310215.1']	GCF_017310215.1	Represent	Complete Genome
Aeromonas phage 60AhydR15PP	NC_055747	Literature, NCBI Virus, RefSeq	Aeromonas hydrophila	644	Bacteria; Proteobacteria; Gammaproteobacteria; Aeromonadales; Aeromonadaceae; Aeromonas	species	Aeromonas hydrophila	['GCF_017310215.1']	GCF_017310215.1	Represent	Complete Genome
Aeromonas phage Aeh1	NC_005260	RefSeq	Aeromonas hydrophila	644	Bacteria; Proteobacteria; Gammaproteobacteria; Aeromonadales; Aeromonadaceae; Aeromonas	species	Aeromonas hydrophila	['GCF_017310215.1']	GCF_017310215.1	Represent	Complete Genome
Aeromonas phage Aes012	NC_020879	RefSeq	Aeromonas sp.	647	Bacteria; Proteobacteria; Gammaproteobacteria; Aeromonadales; Aeromonadaceae; Aeromonas	species	Aeromonas	['GCF_020423125.1', 'GCF_020405345.1', 'GCF_020149575.1', 'GCF_017310215.1', 'GCF_016127195.1', 'GCF_016026615.1', 'GCF_014892695.1', 'GCF_014169735.1', 'GCF_012931585.1', 'GCF_008693705.1', 'GCF_900637545.1', 'GCF_020341435.1']	GCF_020423125.1	Represent	Complete Genome
Aeromonas phage Aes508	NC_019543	RefSeq	Aeromonas salmonicida	645	Bacteria; Proteobacteria; Gammaproteobacteria; Aeromonadales; Aeromonadaceae; Aeromonas	species	Aeromonas salmonicida	['GCF_012931585.1']	GCF_012931585.1	Represent	Complete Genome
Aeromonas phage Ah1	NC_055733	Literature, NCBI Virus, RefSeq	Aeromonas hydrophila	644	Bacteria; Proteobacteria; Gammaproteobacteria; Aeromonadales; Aeromonadaceae; Aeromonas	species	Aeromonas hydrophila	['GCF_017310215.1']	GCF_017310215.1	Represent	Complete Genome
Aeromonas phage Ahp1	NC_047866	Literature, RefSeq	Aeromonas hydrophila	644	Bacteria; Proteobacteria; Gammaproteobacteria; Aeromonadales; Aeromonadaceae; Aeromonas	species	Aeromonas hydrophila	['GCF_017310215.1']	GCF_017310215.1	Represent	Complete Genome
Aeromonas phage Ahp1	NC_047866	Literature	Aeromonas hydrophila subsp. hydrophila ATCC 7966	380703	Bacteria; Proteobacteria; Gammaproteobacteria; Aeromonadales; Aeromonadaceae; Aeromonas; Aeromonas hydrophila; Aeromonas hydrophila subsp. hydrophila	strain	Aeromonas hydrophila subsp. hydrophila ATCC 7966	['GCF_000014805.1']	GCF_000014805.1	Unreference	Complete Genome
Aeromonas phage AhSzq-1	NC_047949	Literature, RefSeq	Aeromonas hydrophila	644	Bacteria; Proteobacteria; Gammaproteobacteria; Aeromonadales; Aeromonadaceae; Aeromonas	species	Aeromonas hydrophila	['GCF_017310215.1']	GCF_017310215.1	Represent	Complete Genome
Aeromonas phage AhSzw-1	NC_047950	Literature, RefSeq	Aeromonas hydrophila	644	Bacteria; Proteobacteria; Gammaproteobacteria; Aeromonadales; Aeromonadaceae; Aeromonas	species	Aeromonas hydrophila	['GCF_017310215.1']	GCF_017310215.1	Represent	Complete Genome
Aeromonas phage AS-gz	NC_042019	Literature	Aeromonas hydrophila	644	Bacteria; Proteobacteria; Gammaproteobacteria; Aeromonadales; Aeromonadaceae; Aeromonas	species	Aeromonas hydrophila	['GCF_017310215.1']	GCF_017310215.1	Represent	Complete Genome
Aeromonas phage AS-gz	NC_042019	Literature	Aeromonas salmonicida	645	Bacteria; Proteobacteria; Gammaproteobacteria; Aeromonadales; Aeromonadaceae; Aeromonas	species	Aeromonas salmonicida	['GCF_012931585.1']	GCF_012931585.1	Represent	Complete Genome
Aeromonas phage AS-sw	NC_048674	Literature	Aeromonas hydrophila	644	Bacteria; Proteobacteria; Gammaproteobacteria; Aeromonadales; Aeromonadaceae; Aeromonas	species	Aeromonas hydrophila	['GCF_017310215.1']	GCF_017310215.1	Represent	Complete Genome
Aeromonas phage AS-sw	NC_048674	Literature	Aeromonas salmonicida	645	Bacteria; Proteobacteria; Gammaproteobacteria; Aeromonadales; Aeromonadaceae; Aeromonas	species	Aeromonas salmonicida	['GCF_012931585.1']	GCF_012931585.1	Represent	Complete Genome
Aeromonas phage AS-zj	NC_048673	Literature	Aeromonas hydrophila	644	Bacteria; Proteobacteria; Gammaproteobacteria; Aeromonadales; Aeromonadaceae; Aeromonas	species	Aeromonas hydrophila	['GCF_017310215.1']	GCF_017310215.1	Represent	Complete Genome
Aeromonas phage AS-zj	NC_048673	Literature	Aeromonas salmonicida	645	Bacteria; Proteobacteria; Gammaproteobacteria; Aeromonadales; Aeromonadaceae; Aeromonas	species	Aeromonas salmonicida	['GCF_012931585.1']	GCF_012931585.1	Represent	Complete Genome
Aeromonas phage BUCT551	NC_052986	Literature	Aeromonas hydrophila	644	Bacteria; Proteobacteria; Gammaproteobacteria; Aeromonadales; Aeromonadaceae; Aeromonas	species	Aeromonas hydrophila	['GCF_017310215.1']	GCF_017310215.1	Represent	Complete Genome
Aeromonas phage BUCT551	NC_052986	Literature	Aeromonas veronii	654	Bacteria; Proteobacteria; Gammaproteobacteria; Aeromonadales; Aeromonadaceae; Aeromonas	species	Aeromonas veronii	['GCF_008693705.1']	GCF_008693705.1	Represent	Complete Genome
Aeromonas phage CC2	NC_019538	RefSeq	Aeromonas hydrophila	644	Bacteria; Proteobacteria; Gammaproteobacteria; Aeromonadales; Aeromonadaceae; Aeromonas	species	Aeromonas hydrophila	['GCF_017310215.1']	GCF_017310215.1	Represent	Complete Genome
Aeromonas phage CF7	NC_047865	Literature	Aeromonas hydrophila subsp. hydrophila	196023	Bacteria; Proteobacteria; Gammaproteobacteria; Aeromonadales; Aeromonadaceae; Aeromonas; Aeromonas hydrophila	subspecies	Aeromonas hydrophila subsp. hydrophila	['GCF_002850695.3', 'GCF_002850695.2', 'GCF_000633175.1', 'GCF_000014805.1']	GCF_002850695.3	Unreference	Complete Genome
Aeromonas phage LAh_6	NC_048774	Literature, RefSeq	Aeromonas hydrophila	644	Bacteria; Proteobacteria; Gammaproteobacteria; Aeromonadales; Aeromonadaceae; Aeromonas	species	Aeromonas hydrophila	['GCF_017310215.1']	GCF_017310215.1	Represent	Complete Genome
Aeromonas phage LAh_7	NC_052985	Literature, NCBI Virus, RefSeq	Aeromonas hydrophila	644	Bacteria; Proteobacteria; Gammaproteobacteria; Aeromonadales; Aeromonadaceae; Aeromonas	species	Aeromonas hydrophila	['GCF_017310215.1']	GCF_017310215.1	Represent	Complete Genome
Aeromonas phage LAh_8	NC_048775	Literature, RefSeq	Aeromonas hydrophila	644	Bacteria; Proteobacteria; Gammaproteobacteria; Aeromonadales; Aeromonadaceae; Aeromonas	species	Aeromonas hydrophila	['GCF_017310215.1']	GCF_017310215.1	Represent	Complete Genome
Aeromonas phage LAh_9	NC_048776	Literature, RefSeq	Aeromonas hydrophila	644	Bacteria; Proteobacteria; Gammaproteobacteria; Aeromonadales; Aeromonadaceae; Aeromonas	species	Aeromonas hydrophila	['GCF_017310215.1']	GCF_017310215.1	Represent	Complete Genome
Aeromonas phage pAh6-C	NC_025459	Literature, RefSeq	Aeromonas hydrophila	644	Bacteria; Proteobacteria; Gammaproteobacteria; Aeromonadales; Aeromonadaceae; Aeromonas	species	Aeromonas hydrophila	['GCF_017310215.1']	GCF_017310215.1	Represent	Complete Genome
Aeromonas phage phiA8-29	NC_048660	Literature	Aeromonas sp. A8-29	1569654	Bacteria; Proteobacteria; Gammaproteobacteria; Aeromonadales; Aeromonadaceae; Aeromonas	species	Aeromonas	['GCF_020423125.1', 'GCF_020405345.1', 'GCF_020149575.1', 'GCF_017310215.1', 'GCF_016127195.1', 'GCF_016026615.1', 'GCF_014892695.1', 'GCF_014169735.1', 'GCF_012931585.1', 'GCF_008693705.1', 'GCF_900637545.1', 'GCF_020341435.1']	GCF_020423125.1	Represent	Complete Genome
Aeromonas phage phiAS4	NC_014635	RefSeq	Aeromonas salmonicida	645	Bacteria; Proteobacteria; Gammaproteobacteria; Aeromonadales; Aeromonadaceae; Aeromonas	species	Aeromonas salmonicida	['GCF_012931585.1']	GCF_012931585.1	Represent	Complete Genome
Aeromonas phage phiAS5	NC_014636	NCBI Virus, RefSeq	Aeromonas salmonicida	645	Bacteria; Proteobacteria; Gammaproteobacteria; Aeromonadales; Aeromonadaceae; Aeromonas	species	Aeromonas salmonicida	['GCF_012931585.1']	GCF_012931585.1	Represent	Complete Genome
Aeromonas phage phiAS7	NC_019528	RefSeq	Aeromonas salmonicida subsp. salmonicida	29491	Bacteria; Proteobacteria; Gammaproteobacteria; Aeromonadales; Aeromonadaceae; Aeromonas; Aeromonas salmonicida	subspecies	Aeromonas salmonicida subsp. salmonicida	['GCF_020683025.1', 'GCF_001643275.2', 'GCF_009858135.1', 'GCF_009858115.1', 'GCF_008370735.1', 'GCF_003692675.1', 'GCF_000196395.1', 'GCA_012933685.1']	GCF_020683025.1	Unreference	Complete Genome
Aeromonas phage pIS4-A	NC_042037	RefSeq	Aeromonas sp. IS4	728059	Bacteria; Proteobacteria; Gammaproteobacteria; Aeromonadales; Aeromonadaceae; Aeromonas	species	Aeromonas	['GCF_020423125.1', 'GCF_020405345.1', 'GCF_020149575.1', 'GCF_017310215.1', 'GCF_016127195.1', 'GCF_016026615.1', 'GCF_014892695.1', 'GCF_014169735.1', 'GCF_012931585.1', 'GCF_008693705.1', 'GCF_900637545.1', 'GCF_020341435.1']	GCF_020423125.1	Represent	Complete Genome
Aeromonas phage PX29	NC_023688	Literature, NCBI Virus, RefSeq	Aeromonas salmonicida	645	Bacteria; Proteobacteria; Gammaproteobacteria; Aeromonadales; Aeromonadaceae; Aeromonas	species	Aeromonas salmonicida	['GCF_012931585.1']	GCF_012931585.1	Represent	Complete Genome
Aeromonas phage vB_AhyS-A18P4	NC_052984	NCBI Virus, RefSeq	Aeromonas hydrophila	644	Bacteria; Proteobacteria; Gammaproteobacteria; Aeromonadales; Aeromonadaceae; Aeromonas	species	Aeromonas hydrophila	['GCF_017310215.1']	GCF_017310215.1	Represent	Complete Genome
Aeromonas phage vB_AsaM-56	NC_019527	RefSeq	Aeromonas salmonicida	645	Bacteria; Proteobacteria; Gammaproteobacteria; Aeromonadales; Aeromonadaceae; Aeromonas	species	Aeromonas salmonicida	['GCF_012931585.1']	GCF_012931585.1	Represent	Complete Genome
Aeromonas phage ZPAH7	NC_048133	Literature, RefSeq	Aeromonas hydrophila	644	Bacteria; Proteobacteria; Gammaproteobacteria; Aeromonadales; Aeromonadaceae; Aeromonas	species	Aeromonas hydrophila	['GCF_017310215.1']	GCF_017310215.1	Represent	Complete Genome
Aeromonas virus 25	NC_008208	NCBI Virus, RefSeq	Aeromonas salmonicida	645	Bacteria; Proteobacteria; Gammaproteobacteria; Aeromonadales; Aeromonadaceae; Aeromonas	species	Aeromonas salmonicida	['GCF_012931585.1']	GCF_012931585.1	Represent	Complete Genome
Aeromonas virus 31	NC_007022	NCBI Virus, RefSeq	Aeromonas salmonicida	645	Bacteria; Proteobacteria; Gammaproteobacteria; Aeromonadales; Aeromonadaceae; Aeromonas	species	Aeromonas salmonicida	['GCF_012931585.1']	GCF_012931585.1	Represent	Complete Genome
Aeromonas virus 44RR2	NC_005135	NCBI Virus, RefSeq	Aeromonas salmonicida	645	Bacteria; Proteobacteria; Gammaproteobacteria; Aeromonadales; Aeromonadaceae; Aeromonas	species	Aeromonas salmonicida	['GCF_012931585.1']	GCF_012931585.1	Represent	Complete Genome
Aeromonas virus 65	NC_015251	Literature, NCBI Virus, RefSeq	Aeromonas salmonicida	645	Bacteria; Proteobacteria; Gammaproteobacteria; Aeromonadales; Aeromonadaceae; Aeromonas	species	Aeromonas salmonicida	['GCF_012931585.1']	GCF_012931585.1	Represent	Complete Genome
Aeromonas virus phiO18P	NC_009542	NCBI Virus, RefSeq	Aeromonas media	651	Bacteria; Proteobacteria; Gammaproteobacteria; Aeromonadales; Aeromonadaceae; Aeromonas	species	Aeromonas media	['GCF_020423125.1']	GCF_020423125.1	Represent	Complete Genome
Aeropyrum coil-shaped virus	NC_043427	Literature, NCBI Virus, RefSeq	Aeropyrum pernix	56636	Archaea; TACK group; Crenarchaeota; Thermoprotei; Desulfurococcales; Desulfurococcaceae; Aeropyrum	species	Aeropyrum pernix	['GCF_000011125.1']	GCF_000011125.1	Represent	Complete Genome
Aeropyrum globular virus 1	NC_036595	Literature	Aeropyrum pernix K1	272557	Archaea; TACK group; Crenarchaeota; Thermoprotei; Desulfurococcales; Desulfurococcaceae; Aeropyrum; Aeropyrum pernix	strain	Aeropyrum pernix K1	['GCF_000011125.1']	GCF_000011125.1	Represent	Complete Genome
Aeropyrum globular virus 1	NC_036595	Literature	Aeropyrum camini SY1 = JCM 12091	1198449	Archaea; TACK group; Crenarchaeota; Thermoprotei; Desulfurococcales; Desulfurococcaceae; Aeropyrum; Aeropyrum camini	strain	Aeropyrum camini SY1 = JCM 12091	['GCF_000591035.1']	GCF_000591035.1	Represent	Complete Genome
Aeropyrum pernix bacilliform virus 1	NC_043030	Literature	Aeropyrum pernix K1	272557	Archaea; TACK group; Crenarchaeota; Thermoprotei; Desulfurococcales; Desulfurococcaceae; Aeropyrum; Aeropyrum pernix	strain	Aeropyrum pernix K1	['GCF_000011125.1']	GCF_000011125.1	Represent	Complete Genome
Aeropyrum pernix ovoid virus 1	NC_028256	Literature, UniProt	Aeropyrum pernix	56636	Archaea; TACK group; Crenarchaeota; Thermoprotei; Desulfurococcales; Desulfurococcaceae; Aeropyrum	species	Aeropyrum pernix	['GCF_000011125.1']	GCF_000011125.1	Represent	Complete Genome
Aeropyrum pernix ovoid virus 1	NC_028256	NCBI Virus, RefSeq	Aeropyrum pernix K1	272557	Archaea; TACK group; Crenarchaeota; Thermoprotei; Desulfurococcales; Desulfurococcaceae; Aeropyrum; Aeropyrum pernix	strain	Aeropyrum pernix K1	['GCF_000011125.1']	GCF_000011125.1	Represent	Complete Genome
Aeropyrum pernix spindle-shaped virus 1	NC_028268	Literature	Aeropyrum pernix	56636	Archaea; TACK group; Crenarchaeota; Thermoprotei; Desulfurococcales; Desulfurococcaceae; Aeropyrum	species	Aeropyrum pernix	['GCF_000011125.1']	GCF_000011125.1	Represent	Complete Genome
Aeropyrum pernix spindle-shaped virus 1	NC_028268	NCBI Virus, RefSeq	Aeropyrum pernix K1	272557	Archaea; TACK group; Crenarchaeota; Thermoprotei; Desulfurococcales; Desulfurococcaceae; Aeropyrum; Aeropyrum pernix	strain	Aeropyrum pernix K1	['GCF_000011125.1']	GCF_000011125.1	Represent	Complete Genome
Aggregatibacter phage S1249	NC_013597	NCBI Virus, RefSeq	Aggregatibacter actinomycetemcomitans D11S-1	668336	Bacteria; Proteobacteria; Gammaproteobacteria; Pasteurellales; Pasteurellaceae; Aggregatibacter; Aggregatibacter actinomycetemcomitans	strain	Aggregatibacter actinomycetemcomitans D11S-1	['GCF_000146265.3', 'GCF_000146265.2', 'GCF_000146265.1', 'GCA_000146265.3']	GCF_000146265.3	Unreference	Complete Genome
Agrobacterium phage 7-7-1	NC_019519	Literature, RefSeq	Agrobacterium fabacearum	1183401	Bacteria; Proteobacteria; Alphaproteobacteria; Hyphomicrobiales; Rhizobiaceae; Agrobacterium; Agrobacterium tumefaciens complex	species	Agrobacterium fabacearum	['GCF_000442985.1']	GCF_000442985.1	Represent	Chromosome
Agrobacterium phage Atu_ph02	NC_047845	Literature, RefSeq	Agrobacterium tumefaciens	358	Bacteria; Proteobacteria; Alphaproteobacteria; Hyphomicrobiales; Rhizobiaceae; Agrobacterium; Agrobacterium tumefaciens complex	species	Agrobacterium tumefaciens	['GCF_003667905.1']	GCF_003667905.1	Represent	Complete Genome
Agrobacterium phage Atu_ph03	NC_047846	Literature, RefSeq	Agrobacterium tumefaciens	358	Bacteria; Proteobacteria; Alphaproteobacteria; Hyphomicrobiales; Rhizobiaceae; Agrobacterium; Agrobacterium tumefaciens complex	species	Agrobacterium tumefaciens	['GCF_003667905.1']	GCF_003667905.1	Represent	Complete Genome
Agrobacterium phage Atu_ph07	NC_042013	Literature, RefSeq	Agrobacterium tumefaciens	358	Bacteria; Proteobacteria; Alphaproteobacteria; Hyphomicrobiales; Rhizobiaceae; Agrobacterium; Agrobacterium tumefaciens complex	species	Agrobacterium tumefaciens	['GCF_003667905.1']	GCF_003667905.1	Represent	Complete Genome
Alphaproteobacteria virus phiJl001	NC_006938	NCBI Virus, RefSeq	alpha proteobacterium JL001	278678	Bacteria; Proteobacteria; Alphaproteobacteria	species	Alphaproteobacteria	['GCF_000022005.1']	GCF_000022005.1	Reference	Complete Genome
Alteromonas phage vB_AcoS-R7M	NC_048878	Literature, RefSeq	Alteromonas confluentis	1656094	Bacteria; Proteobacteria; Gammaproteobacteria; Alteromonadales; Alteromonadaceae; Alteromonas	species	Alteromonas	['GCF_002499975.2', 'GCF_002849875.1', 'GCF_001886435.1', 'GCF_001562195.1', 'GCF_000730385.1', 'GCF_000213655.1']	GCF_002499975.2	Represent	Complete Genome
Alteromonas phage vB_AmaP_AD45-P1	NC_021532	Literature	Alteromonas macleodii str. 'Black Sea 11'	1004785	Bacteria; Proteobacteria; Gammaproteobacteria; Alteromonadales; Alteromonadaceae; Alteromonas; Alteromonas macleodii	strain	Alteromonas macleodii str. 'Black Sea 11'	['GCF_000299995.1']	GCF_000299995.1	Unreference	Complete Genome
Alteromonas phage vB_AmaP_AD45-P1	NC_021532	Literature	Alteromonas mediterranea DE1	1004786	Bacteria; Proteobacteria; Gammaproteobacteria; Alteromonadales; Alteromonadaceae; Alteromonas; Alteromonas mediterranea	strain	Alteromonas mediterranea DE1	['GCF_000310085.1']	GCF_000310085.1	Unreference	Complete Genome
Alteromonas phage vB_AmaP_AD45-P1	NC_021532	Literature, NCBI Virus, RefSeq	Alteromonas macleodii str. 'Balearic Sea AD45'	1004787	Bacteria; Proteobacteria; Gammaproteobacteria; Alteromonadales; Alteromonadaceae; Alteromonas; Alteromonas macleodii	strain	Alteromonas macleodii str. 'Balearic Sea AD45'	['GCF_000300175.1']	GCF_000300175.1	Unreference	Complete Genome
Alteromonas phage vB_AmaP_AD45-P1	NC_021532	Literature	Alteromonas mediterranea DE	1774373	Bacteria; Proteobacteria; Gammaproteobacteria; Alteromonadales; Alteromonadaceae; Alteromonas; Alteromonas mediterranea	strain	Alteromonas mediterranea DE	['GCF_000020585.3']	GCF_000020585.3	Unreference	Complete Genome
Alteromonas phage vB_AmaP_AD45-P2	KF005320	Literature	Alteromonas macleodii str. 'Black Sea 11'	1004785	Bacteria; Proteobacteria; Gammaproteobacteria; Alteromonadales; Alteromonadaceae; Alteromonas; Alteromonas macleodii	strain	Alteromonas macleodii str. 'Black Sea 11'	['GCF_000299995.1']	GCF_000299995.1	Unreference	Complete Genome
Alteromonas phage vB_AmaP_AD45-P2	KF005320	Literature	Alteromonas mediterranea DE1	1004786	Bacteria; Proteobacteria; Gammaproteobacteria; Alteromonadales; Alteromonadaceae; Alteromonas; Alteromonas mediterranea	strain	Alteromonas mediterranea DE1	['GCF_000310085.1']	GCF_000310085.1	Unreference	Complete Genome
Alteromonas phage vB_AmaP_AD45-P2	KF005320	Literature, NCBI Virus, RefSeq	Alteromonas macleodii str. 'Balearic Sea AD45'	1004787	Bacteria; Proteobacteria; Gammaproteobacteria; Alteromonadales; Alteromonadaceae; Alteromonas; Alteromonas macleodii	strain	Alteromonas macleodii str. 'Balearic Sea AD45'	['GCF_000300175.1']	GCF_000300175.1	Unreference	Complete Genome
Alteromonas phage vB_AmaP_AD45-P2	KF005320	Literature	Alteromonas mediterranea DE	1774373	Bacteria; Proteobacteria; Gammaproteobacteria; Alteromonadales; Alteromonadaceae; Alteromonas; Alteromonas mediterranea	strain	Alteromonas mediterranea DE	['GCF_000020585.3']	GCF_000020585.3	Unreference	Complete Genome
Alteromonas phage vB_AmaP_AD45-P3	KF005318	Literature	Alteromonas macleodii str. 'Black Sea 11'	1004785	Bacteria; Proteobacteria; Gammaproteobacteria; Alteromonadales; Alteromonadaceae; Alteromonas; Alteromonas macleodii	strain	Alteromonas macleodii str. 'Black Sea 11'	['GCF_000299995.1']	GCF_000299995.1	Unreference	Complete Genome
Alteromonas phage vB_AmaP_AD45-P3	KF005318	Literature	Alteromonas mediterranea DE1	1004786	Bacteria; Proteobacteria; Gammaproteobacteria; Alteromonadales; Alteromonadaceae; Alteromonas; Alteromonas mediterranea	strain	Alteromonas mediterranea DE1	['GCF_000310085.1']	GCF_000310085.1	Unreference	Complete Genome
Alteromonas phage vB_AmaP_AD45-P3	KF005318	Literature, NCBI Virus, RefSeq	Alteromonas macleodii str. 'Balearic Sea AD45'	1004787	Bacteria; Proteobacteria; Gammaproteobacteria; Alteromonadales; Alteromonadaceae; Alteromonas; Alteromonas macleodii	strain	Alteromonas macleodii str. 'Balearic Sea AD45'	['GCF_000300175.1']	GCF_000300175.1	Unreference	Complete Genome
Alteromonas phage vB_AmaP_AD45-P3	KF005318	Literature	Alteromonas mediterranea DE	1774373	Bacteria; Proteobacteria; Gammaproteobacteria; Alteromonadales; Alteromonadaceae; Alteromonas; Alteromonas mediterranea	strain	Alteromonas mediterranea DE	['GCF_000020585.3']	GCF_000020585.3	Unreference	Complete Genome
Alteromonas phage vB_AmaP_AD45-P4	KF005319	Literature	Alteromonas macleodii str. 'Black Sea 11'	1004785	Bacteria; Proteobacteria; Gammaproteobacteria; Alteromonadales; Alteromonadaceae; Alteromonas; Alteromonas macleodii	strain	Alteromonas macleodii str. 'Black Sea 11'	['GCF_000299995.1']	GCF_000299995.1	Unreference	Complete Genome
Alteromonas phage vB_AmaP_AD45-P4	KF005319	Literature	Alteromonas mediterranea DE1	1004786	Bacteria; Proteobacteria; Gammaproteobacteria; Alteromonadales; Alteromonadaceae; Alteromonas; Alteromonas mediterranea	strain	Alteromonas mediterranea DE1	['GCF_000310085.1']	GCF_000310085.1	Unreference	Complete Genome
Alteromonas phage vB_AmaP_AD45-P4	KF005319	Literature, NCBI Virus, RefSeq	Alteromonas macleodii str. 'Balearic Sea AD45'	1004787	Bacteria; Proteobacteria; Gammaproteobacteria; Alteromonadales; Alteromonadaceae; Alteromonas; Alteromonas macleodii	strain	Alteromonas macleodii str. 'Balearic Sea AD45'	['GCF_000300175.1']	GCF_000300175.1	Unreference	Complete Genome
Alteromonas phage vB_AmaP_AD45-P4	KF005319	Literature	Alteromonas mediterranea DE	1774373	Bacteria; Proteobacteria; Gammaproteobacteria; Alteromonadales; Alteromonadaceae; Alteromonas; Alteromonas mediterranea	strain	Alteromonas mediterranea DE	['GCF_000020585.3']	GCF_000020585.3	Unreference	Complete Genome
Alteromonas phage vB_AmeM_PT11-V22	NC_048847	Literature	Alteromonas mediterranea	314275	Bacteria; Proteobacteria; Gammaproteobacteria; Alteromonadales; Alteromonadaceae; Alteromonas	species	Alteromonas mediterranea	['GCF_001886435.1']	GCF_001886435.1	Represent	Complete Genome
